amfi_code,fund_name,aum_cr
153774,360 One Multi Asset Allocation Fund,225.43
152076,360 One Balanced Hybrid Fund,852.99
149318,360 One Quant Fund,872.53
131580,360 One Focused Fund,7355.36
151796,360 One Flexicap Fund,2096.13
151165,360 One Elss Tax Saver Nifty 50 Index Fund,92.66
153703,360 One Overnight Fund,211.99
125345,360 One Liquid Fund,956.42
122715,360 One Dynamic Bond Fund,643.28
154043,Abakkus Flexi Cap Fund,81.22
154051,Abakkus Liquid Fund,9.85
146575,Aditya Birla Sun Life Retirement Fund-The 30S Plan,426.83
146930,Aditya Birla Sun Life Retirement Fund-The 40S Plan,116.42
146940,Aditya Birla Sun Life Retirement Fund-The 50S Plan,26.6
146943,Aditya Birla Sun Life Retirement Fund-The 50S Plus-Debt Plan,16.84
146407,Aditya Birla Sun Life Bal Bhavishya Yojna,1185.56
153736,Aditya Birla Sun Life Bse 500 Momentum 50 Index Fund,59.53
153740,Aditya Birla Sun Life Bse 500 Quality 50 Index Fund,75.3
153081,Aditya Birla Sun Life Bse India Infrastructure Index Fund,30.55
150702,Aditya Birla Sun Life Crisil Ibx 50:50 Gilt Plus Sdl Apr 2028 Index Fund,370.02
150938,Aditya Birla Sun Life Crisil Ibx 60:40 Sdl + Aaa Psu Apr 2026 Index Fund,22.16
150353,Aditya Birla Sun Life Crisil Ibx 60:40 Sdl+Aaa Psu-Apr 2027 Index Fund,1512.98
151577,Aditya Birla Sun Life Crisil Ibx Gilt Apr 2028 Index Fund,20.76
152267,Aditya Birla Sun Life Crisil Ibx Gilt Apr 2033 Index Fund,77.31
152659,Aditya Birla Sun Life Crisil Ibx Gilt June 2027 Index Fund,11.89
150778,Aditya Birla Sun Life Crisil Ibx Gilt-Apr-2029 Index Fund,330.95
150698,Aditya Birla Sun Life Crisil Ibx Gilt-April 2026 Index Fund,215.0
151427,Aditya Birla Sun Life Crisil Ibx Sdl Jun 2032 Index Fund,157.55
153030,Aditya Birla Sun Life Crisil-Ibx Aaa Financial Services Index-Sep 2027 Fund,68.0
152958,Aditya Birla Sun Life Crisil-Ibx Aaa Nbfc-Hfc Index-Dec 2025 Fund,246.9
152947,Aditya Birla Sun Life Crisil-Ibx Aaa Nbfc-Hfc Index-Sep 2026 Fund,217.35
153179,Aditya Birla Sun Life Crisil-Ibx Financial Services 3 To 6 Months Debt Index Fund,3369.02
153443,Aditya Birla Sun Life Crisil-Ibx Financial Services 9-12 Months Debt Index Fund,1166.64
148962,Aditya Birla Sun Life Nifty 50 Equal Weight Index Fund,444.23
119648,Aditya Birla Sun Life Nifty 50 Index Fund -,1213.59
152798,Aditya Birla Sun Life Nifty India Defence Index Fund,765.82
148807,Aditya Birla Sun Life Nifty Midcap 150 Index Fund,412.0
149838,Aditya Birla Sun Life Nifty Next 50 Index Fund,224.27
149794,Aditya Birla Sun Life Nifty Sdl Apr 2027 Index Fund,3679.76
149199,Aditya Birla Sun Life Nifty Sdl Plus Psu Bond Sep 2026 60:40 Index Fund,8394.63
151562,Aditya Birla Sun Life Nifty Sdl Sep 2027 Index Fund,36.27
148815,Aditya Birla Sun Life Nifty Smallcap 50 Index Fund,256.42
132140,Aditya Birla Sun Life Global Emerging Opportunities Fund,256.65
132009,Aditya Birla Sun Life Global Excellence Equity Fund Of Fund - Retail Plan,78.74
149291,Aditya Birla Sun Life Us Equity Passive Fof,449.53
152140,Aditya Birla Sun Life Us Treasury 1-3 Year Bond Etfs Fund Of Funds,91.32
152150,Aditya Birla Sun Life Us Treasury 3-10 Year Bond Etfs Fund Of Funds,181.22
132185,Aditya Birla Sun Life Aggressive Hybrid Omni Fof,39.37
132183,Aditya Birla Sun Life Conservative Hybrid Active Fof,16.77
132186,Aditya Birla Sun Life Dynamic Asset Allocation Omni Fof,231.63
120546,Aditya Birla Sun Life Gold Fund -,392.81
131898,Aditya Birla Sun Life Income Plus Arbitrage Active Fof,1329.77
131865,Aditya Birla Sun Life Multi Asset Omni Fof,267.82
150688,Aditya Birla Sun Life Multi-Asset Passive Fof,21.63
149780,Aditya Birla Sun Life Silver Etf Fof,777.02
149017,Aditya Birla Sun Life Fixed Term Plan - Series Ti (1837 Days),325.11
149062,Aditya Birla Sun Life Fixed Term Plan - Series Tj (1838 Days),26.79
150316,Aditya Birla Sun Life Fixed Term Plan - Series Tq (1879 Days),227.2
151186,Aditya Birla Sun Life Fixed Term Plan - Series Ub (1224 Days),26.01
151700,Aditya Birla Sun Life Fixed Term Plan - Series Uj (1110 Days),77.94
119535,Aditya Birla Sun Life Interval Income Fund - Quarterly Series I -,2.7
151307,Aditya Birla Sun Life Multi Asset Allocation Fund,5122.61
132995,Aditya Birla Sun Life Equity Savings Fund,947.15
131670,Aditya Birla Sun Life Balanced Advantage Fund,8698.21
120705,Aditya Birla Sun Life,1545.29
119526,Aditya Birla Sun Life Arbitrage Fund -,17448.02
120517,Aditya Birla Sun Life Equity Hybrid'95 Fund,7541.23
119659,Aditya Birla Sun Life Value Fund -,6211.25
119556,Aditya Birla Sun Life Small Cap Fund -,4936.12
125597,Aditya Birla Sun Life Banking And Financial Services Fund,3637.54
149295,Aditya Birla Sun Life Business Cycle Fund,1784.72
153124,Aditya Birla Sun Life Conglomerate Fund,1748.78
119591,Aditya Birla Sun Life Consumption Fund -,784.67
120539,Aditya Birla Sun Life Digital India Fund -,4630.87
148637,Aditya Birla Sun Life Esg Integration Strategy Fund,617.94
119514,Aditya Birla Sun Life Infrastructure Fund -,161.16
119517,Aditya Birla Sun Life International Equity Fund -,238.28
133516,Aditya Birla Sun Life Manufacturing Equity Fund,1098.71
119646,Aditya Birla Sun Life Mnc Fund -,3094.04
147409,Aditya Birla Sun Life Pharma And Healthcare Fund,846.4
147844,Aditya Birla Sun Life Psu Equity Fund,5604.36
152684,Aditya Birla Sun Life Quant Fund,2338.72
148539,Aditya Birla Sun Life Special Opportunities Fund,876.69
152158,Aditya Birla Sun Life Transportation And Logistics Fund,1603.48
148921,Aditya Birla Sun Life Multi-Cap Fund,6701.07
119620,Aditya Birla Sun Life Midcap Fund -,758.77
119528,Aditya Birla Sun Life Large Cap Fund -,6018.09
119436,Aditya Birla Sun Life Large & Mid Cap Fund -,745.76
119564,Aditya Birla Sun Life Focused Fund -,1477.89
120564,Aditya Birla Sun Life Flexi Cap Fund -,24038.75
119544,Aditya Birla Sun Life Elss Tax Saver Fund -,14587.94
119507,Aditya Birla Sun Life Dividend Yield Fund -,1245.8
119501,Aditya Birla Sun Life Savings Fund -,22856.96
119498,Aditya Birla Sun Life Short Term Fund -,10906.61
145486,Aditya Birla Sun Life Overnight Fund,7637.29
119511,Aditya Birla Sun Life Money Manager Fund -,30699.04
119657,Aditya Birla Sun Life Income Fund -,2103.97
119539,Aditya Birla Sun Life Medium Term Plan -,2806.33
119523,Aditya Birla Sun Life Low Duration Fund -,15131.8
150484,Aditya Birla Sun Life Long Duration Fund,156.96
119568,Aditya Birla Sun Life Liquid Fund -,49133.74
119605,Aditya Birla Sun Life Government Securities Fund -,1351.67
122646,Aditya Birla Sun Life Floating Rate Fund,13142.96
119505,Aditya Birla Sun Life Dynamic Bond Fund -,1875.72
134387,Aditya Birla Sun Life Credit Risk Fund,1081.2
119533,Aditya Birla Sun Life Corporate Bond Fund -,29908.0
119550,Aditya Birla Sun Life Banking & Psu Debt Fund,9150.38
153529,Angel One Nifty 50 Index Fund,34.77
153330,Angel One Nifty Total Market Index Fund,52.08
153956,Angel One Nifty Total Market Momentum Quality 50 Index Fund,14.41
153827,Angel One Gold Etf Fof,21.07
147825,Axis Retirement Fund - Aggressive Plan,768.19
147830,Axis Retirement Fund - Conservative Plan,54.32
147826,Axis Retirement Fund - Dynamic Plan,312.35
135762,Axis Children'S Fund - Lock In,780.07
135764,Axis Children'S Fund - No Lock In,143.39
152422,Axis Bse Sensex Index Fund,46.8
151300,Axis Crisil Ibx 50:50 Gilt Plus Sdl June 2028 Index Fund,67.68
151435,Axis Crisil Ibx 50:50 Gilt Plus Sdl September 2027 Index Fund,34.93
152515,Axis Crisil Ibx Sdl June 2034 Debt Index Fund,9.77
149873,Axis Crisil Ibx Sdl May 2027 Index Fund,2075.79
153051,Axis Crisil-Ibx Aaa Bond Financial Services - Sep 2027 Index Fund,23.07
152887,Axis Crisil-Ibx Aaa Bond Nbfc - Jun 2027 Index Fund,1371.15
153172,Axis Crisil-Ibx Aaa Bond Nbfc-Hfc - Jun 2027 Index Fund,50.78
153879,Axis Crisil-Ibx Financial Services 3-6 Months Debt Index Fund,321.73
147666,Axis Nifty 100 Index Fund,2007.28
149373,Axis Nifty 50 Index Fund,806.38
152731,Axis Nifty 500 Index Fund,305.4
152629,Axis Nifty Bank Index Fund,145.49
151785,Axis Nifty It Index Fund,136.0
149936,Axis Nifty Midcap 50 Index Fund,538.4
149466,Axis Nifty Next 50 Index Fund,393.51
150854,Axis Nifty Sdl September 2026 Debt Index Fund,74.09
149894,Axis Nifty Smallcap 50 Index Fund,549.16
153244,Axis Nifty500 Momentum 50 Index Fund,113.89
153829,Axis Nifty500 Quality 50 Index Fund,79.26
152949,Axis Nifty500 Value 50 Index Fund,105.91
148485,Axis Global Equity Alpha Fund Of Fund,1266.68
148954,Axis Global Innovation Fund Of Fund,627.7
148699,Axis Greater China Equity Fund Of Fund,1585.14
150751,Axis Us Specific Equity Passive Fof,190.72
152240,Axis Us Specific Treasury Dynamic Debt Passive Fof,42.34
154078,Axis Gold And Silver Passive Fof,6.42
120473,Axis Gold Fund,1920.58
147889,Axis Income Plus Arbitrage Active Fof,2033.91
153924,Axis Income Plus Arbitrage Passive Fof,76.89
149847,Axis Multi Factor Passive Fof,35.0
153960,Axis Multi-Asset Active Fof,306.48
149243,Axis Nifty Aaa Bond Plus Sdl Apr 2026 50:50 Etf Fof,243.92
150615,Axis Silver Fund Of Fund,551.07
151501,Axis Fixed Term Plan - Series 112 (1143 Days),81.33
151586,Axis Fixed Term Plan - Series 113 (1228 Days),98.68
120524,Axis Multi Asset Allocation Fund,1756.41
135120,Axis Equity Savings Fund,931.28
141642,Axis Balanced Advantage Fund,3748.9
120480,Axis Conservative Hybrid Fund,251.93
130773,Axis Arbitrage Fund,8020.84
144394,Axis Aggressive Hybrid Fund,1565.99
149166,Axis Value Fund,1198.6
125354,Axis Small Cap Fund,26706.51
151368,Axis Business Cycles Fund,2265.25
152805,Axis Consumption Fund,3765.1
147928,Axis Esg Integration Strategy Fund,1214.56
152202,Axis India Manufacturing Fund,5256.16
148634,Axis Innovation Fund,1198.72
153083,Axis Momentum Fund,1252.95
148993,Axis Quant Fund,919.14
153624,Axis Services Opportunities Fund,1980.74
149383,Axis Multicap Fund,9100.36
120505,Axis Midcap Fund,31927.81
120465,Axis Large Cap Fund,33765.94
145110,Axis Large & Mid Cap Fund,15444.62
120468,Axis Focused Fund,12419.84
141925,Axis Flexi Cap Fund,13219.12
120503,Axis Elss Tax Saver Fund,34889.83
144754,Axis Ultra Short Duration Fund,6504.87
120510,Axis Short Duration Fund,12529.23
146675,Axis Overnight Fund,11003.3
147567,Axis Money Market Fund,22508.23
120475,Axis Strategic Bond Fund,1962.81
120513,Axis Treasury Advantage Fund,7565.5
151179,Axis Long Duration Fund,287.64
120389,Axis Liquid Fund,37649.72
120447,Axis Gilt Fund,643.1
149049,Axis Floater Fund,133.64
120451,Axis Dynamic Bond Fund,1198.74
130314,Axis Credit Risk Fund,366.47
141588,Axis Corporate Bond Fund,9675.02
120438,Axis Banking & Psu Debt Fund,13474.42
153506,Bajaj Finserv Nifty 50 Index Fund,11.4
153479,Bajaj Finserv Nifty Next 50 Index Fund,12.88
152639,Bajaj Finserv Multi Asset Allocation Fund,1318.39
153758,Bajaj Finserv Equity Savings Fund,29.23
152194,Bajaj Finserv Balanced Advantage Fund,1325.15
152077,Bajaj Finserv Arbitrage Fund,1257.64
153612,Bajaj Finserv Small Cap Fund,1501.01
153937,Bajaj Finserv Banking And Financial Services Fund,117.9
153075,Bajaj Finserv Consumption Fund,666.3
153157,Bajaj Finserv Healthcare Fund,334.26
153309,Bajaj Finserv Multi Cap Fund,1038.7
152783,Bajaj Finserv Large Cap Fund,1642.3
152408,Bajaj Finserv Large And Mid Cap Fund,2263.41
151895,Bajaj Finserv Flexi Cap Fund,6105.74
153201,Bajaj Finserv Elss Tax Saver Fund,71.8
151849,Bajaj Finserv Overnight Fund,823.54
151889,Bajaj Finserv Money Market Fund,5766.3
151833,Bajaj Finserv Liquid Fund,6287.72
153206,Bajaj Finserv Gilt Fund,28.61
152162,Bajaj Finserv Banking And Psu Fund,312.82
152102,Bandhan Retirement Fund,186.56
152844,Bandhan Bse Healthcare Index Fund,17.93
153838,Bandhan Bse India Sector Leaders Index Fund,33.13
150868,Bandhan Crisil Ibx 90:10 Sdl Plus Gilt - Nov 2026 Index Fund,102.9
150888,Bandhan Crisil Ibx 90:10 Sdl Plus Gilt - Sep27 Index Fund,98.28
150871,Bandhan Crisil Ibx 90:10 Sdl Plus Gilt April 2032 Index Fund,430.46
150746,Bandhan Crisil Ibx Gilt April 2026 Index Fund,385.63
148792,Bandhan Crisil Ibx Gilt April 2028 Index Fund,4262.05
151408,Bandhan Crisil Ibx Gilt April 2032 Index Fund,438.14
148789,Bandhan Crisil Ibx Gilt June 2027 Index Fund,6327.21
153389,Bandhan Crisil-Ibx 10:90 Gilt Plus Sdl Index - Dec 2029 Fund,0.38
153407,Bandhan Crisil-Ibx Financial Services 3-6 Months Debt Index Fund,396.16
149832,Bandhan Nifty 100 Index Fund,215.77
153114,Bandhan Nifty 200 Quality 30 Index Fund,11.88
118482,Bandhan Nifty 50 Index Fund,2143.55
153003,Bandhan Nifty 500 Momentum 50 Index Fund,30.2
152990,Bandhan Nifty 500 Value 50 Index Fund,18.29
152177,Bandhan Nifty Alpha 50 Index Fund,513.61
153213,Bandhan Nifty Alpha Low Volatility 30 Index Fund,8.87
152793,Bandhan Nifty Bank Index Fund,19.9
152041,Bandhan Nifty It Index Fund,29.32
152855,Bandhan Nifty Midcap 150 Index Fund,30.03
153350,Bandhan Nifty Next 50 Index Fund,23.46
152264,Bandhan Nifty Smallcap 250 Index Fund,61.75
152716,Bandhan Nifty Total Market Index Fund,40.71
150636,Bandhan Nifty100 Low Volatility 30 Index Fund -,1856.92
150591,Bandhan Nifty200 Momentum 30 Index Fund -,137.5
149098,Bandhan Us Specific Equity Active Fof -,361.86
151548,Bandhan Us Treasury Bond 0-1 Year Specific Debt Passive Fof,134.86
118485,Bandhan Aggressive Hybrid Passive Fof,19.27
118486,Bandhan Conservative Hybrid Passive Fof,6.48
118410,Bandhan Income Plus Arbitrage Active Fof,1852.55
118489,Bandhan Multi-Asset Passive Fof,19.34
146701,Bandhan Fixed Term Plan Series 179,359.99
152324,Bandhan Multi Asset Allocation Fund,2475.93
118477,Bandhan Equity Savings Fund,367.16
131355,Bandhan Balanced Advantage Fund,2313.02
118491,Bandhan Conservative Hybrid Fund,102.4
118474,Bandhan Arbitrage Fund,8913.84
140382,Bandhan Aggressive Hybrid Fund,1417.25
118481,Bandhan Value Fund,10322.12
147946,Bandhan Small Cap Fund,17666.95
152878,Bandhan Business Cycle Fund,1531.47
151816,Bandhan Financial Services Fund,1118.09
153972,Bandhan Healthcare Fund,108.9
118469,Bandhan Infrastructure Fund,1580.49
152607,Bandhan Innovation Fund,1920.37
153722,Bandhan Multi-Factor Fund,552.62
150716,Bandhan Transportation And Logistics Fund -,669.99
149303,Bandhan Multi Cap Fund -,2853.14
150404,Bandhan Midcap Fund -,1957.04
118479,Bandhan Large Cap Fund,2018.09
118419,Bandhan Large & Mid Cap Fund,12290.46
118421,Bandhan Focused Fund,2062.31
118424,Bandhan Flexi Cap Fund,7660.28
118473,Bandhan Elss Tax Saver Fund,7233.35
144173,Bandhan Ultra Short Duration Fund,4447.52
118407,Bandhan Short Duration Fund,10626.06
146191,Bandhan Overnight Fund,1353.35
118384,Bandhan Money Market Fund,14032.86
118394,Bandhan Medium To Long Duration Fund,481.56
118401,Bandhan Medium Duration Fund,1416.63
118371,Bandhan Low Duration Fund,6840.51
152520,Bandhan Long Duration Fund,137.77
118364,Bandhan Liquid Fund,18250.64
118387,Bandhan Gilt Fund With 10 Year Constant Duration Fund,346.1
118464,Bandhan Gilt Fund,2316.94
148711,Bandhan Floater Fund,300.95
118416,Bandhan Dynamic Bond Fund,2591.28
140603,Bandhan Credit Risk Fund,253.64
135916,Bandhan Corporate Bond Fund,15619.31
121279,Bandhan Banking And Psu Fund,12884.38
152396,Bank Of India Multi Asset Allocation Fund,340.84
127850,Bank Of India Balanced Advantage Fund,144.26
143614,Bank Of India Arbitrage Fund,42.67
139527,Bank Of India Mid & Small Cap Equity & Debt Fund,1314.33
145678,Bank Of India Small Cap Fund,1969.45
152789,Bank Of India Business Cycle Fund,537.87
153139,Bank Of India Consumption Fund,413.62
119364,Bank Of India Manufacturing & Infrastructure Fund,129.78
151443,Bank Of India Multi Cap Fund,972.31
153728,Bank Of India Mid Cap Fund,686.24
148980,Bank Of India Large Cap Fund,207.24
119350,Bank Of India Large & Mid Cap Fund,435.39
148404,Bank Of India Flexi Cap Fund,2236.01
119351,Bank Of India Elss Tax Saver,1397.9
141950,Bank Of India Mid Cap Tax Fund Series 1,63.6
144315,Bank Of India Midcap Tax Fund Series 2,32.99
119379,Bank Of India Ultra Short Duration Fund,178.5
119382,Bank Of India Short Term Income Fund,253.42
147951,Bank Of India Overnight Fund,79.86
153294,Bank Of India Money Market Fund,274.3
119393,Bank Of India Conservative Hybrid Fund Fund,9.69
119369,Bank Of India Liquid Fund,1455.41
152628,Baroda Bnp Paribas Retirement Fund,394.0
153171,Baroda Bnp Paribas Children'S Fund,105.37
152329,Baroda Bnp Paribas Nifty 50 Index Fund,62.94
153000,Baroda Bnp Paribas Nifty Midcap 150 Index Fund,9.59
151283,Baroda Bnp Paribas Nifty Sdl December 2026 Index Fund,139.79
151574,Baroda Bnp Paribas Nifty Sdl December 2028 Index Fund,29.12
152931,Baroda Bnp Paribas Nifty200 Momentum 30 Index Fund,25.32
150285,Baroda Bnp Paribas Aqua Fund Of Fund,30.54
153795,Baroda Bnp Paribas Gold Etf Fund Of Funds,107.79
153536,Baroda Bnp Paribas Income Plus Arbitrage Active Fof,105.16
153552,Baroda Bnp Paribas Multi Asset Active Fof,123.59
150865,Baroda Bnp Paribas Multi Asset Fund,1271.59
147496,Baroda Bnp Paribas Equity Savings Fund,274.5
145396,Baroda Bnp Paribas Balanced Advantage Fund,4598.07
150206,Baroda Bnp Paribas Conservative Hybrid Fund,828.84
150251,Baroda Bnp Paribas Arbitrage Fund,1287.04
150260,Baroda Bnp Paribas Aggressive Hybrid Fund,144.24
151755,Baroda Bnp Paribas Value Fund,1193.4
152128,Baroda Bnp Paribas Small Cap Fund,1242.31
119333,Baroda Bnp Paribas Banking And Financial Services Fund,347.76
153847,Baroda Bnp Paribas Business Conglomerates Fund,770.68
149141,Baroda Bnp Paribas Business Cycle Fund,582.39
153225,Baroda Bnp Paribas Energy Opportunities Fund,729.0
153604,Baroda Bnp Paribas Health And Wellness Fund,611.64
150266,Baroda Bnp Paribas India Consumption Fund,1548.27
152470,Baroda Bnp Paribas Innovation Fund,950.5
152697,Baroda Bnp Paribas Manufacturing Fund,1057.92
119354,Baroda Bnp Paribas Multi Cap Fund,3100.78
150212,Baroda Bnp Paribas Mid Cap Fund,2281.58
150187,Baroda Bnp Paribas Large Cap Fund,2732.08
148474,Baroda Bnp Paribas Large And Mid Cap Fund,1705.14
150264,Baroda Bnp Paribas Focused Fund,705.94
150387,Baroda Bnp Paribas Flexi Cap Fund,1271.5
150159,Baroda Bnp Paribas Elss Tax Saver Fund,934.54
152810,Baroda Bnp Paribas Dividend Yield Fund,842.56
143508,Baroda Bnp Paribas Ultra Short Duration Fund,1148.6
119400,Baroda Bnp Paribas Short Duration Fund,297.1
147196,Baroda Bnp Paribas Overnight Fund,959.59
147377,Baroda Bnp Paribas Money Market Fund,4888.39
150169,Baroda Bnp Paribas Low Duration Fund,290.95
119415,Baroda Bnp Paribas Liquid Fund,10233.32
119341,Baroda Bnp Paribas Gilt Fund,1284.65
150180,Baroda Bnp Paribas Dynamic Bond Fund,195.31
133488,Baroda Bnp Paribas Credit Risk Fund,198.21
150237,Baroda Bnp Paribas Corporate Bond Fund,459.42
148628,Baroda Bnp Paribas Banking And Psu Bond Fund,4.4
153465,Canara Robeco Multi Asset Allocation Fund,1116.84
152688,Canara Robeco Balanced Advantage Fund,1375.26
118309,Canara Robeco Conservative Hybrid Fund,933.38
118272,Canara Robeco Equity Hybrid Fund,11367.91
149085,Canara Robeco Value Fund,1324.82
146130,Canara Robeco Small Cap Fund,13098.28
118273,Canara Robeco Consumer Trends Fund,2007.93
118267,Canara Robeco Infrastructure Fund,914.22
152450,Canara Robeco Manufacturing Fund,1638.53
151824,Canara Robeco Multi Cap Fund,4958.69
150817,Canara Robeco Mid Cap Fund,3882.1
118269,Canara Robeco Large Cap Fund,17280.86
118278,Canara Robeco Large And Mid Cap Fund,25996.21
148883,Canara Robeco Focused Fund,2851.34
118275,Canara Robeco Flexicap Fund,13768.53
118285,Canara Robeco Elss Tax Saver,9038.49
118317,Canara Robeco Ultra Short Term Fund,555.75
118320,Canara Robeco Short Duration Fund,434.25
147531,Canara Robeco Overnight Fund,429.8
118282,Canara Robeco Income Fund,121.74
118291,Canara Robeco Savings Fund,1427.74
118305,Canara Robeco Liquid Fund,7168.89
118299,Canara Robeco Gilt Fund,147.07
118284,Canara Robeco Dynamic Bond Fund,106.99
126685,Canara Robeco Corporate Bond Fund,112.76
150505,Canara Robeco Banking And Psu Debt Fund,195.26
153738,Capitalmind Flexi Cap Fund,219.64
154011,Capitalmind Liquid Fund,13.7
153219,Dsp Bse Sensex Next 30 Index Fund,13.26
151329,Dsp Crisil-Ibx 50:50 Gilt Plus Sdl - April 2033 Index Fund,324.53
141877,Dsp Nifty 50 Equal Weight Index Fund,2382.78
146376,Dsp Nifty 50 Index Fund,879.05
152654,Dsp Nifty Bank Index Fund,56.02
153594,Dsp Nifty Healthcare Index Fund,14.13
153590,Dsp Nifty It Index Fund,29.86
154014,Dsp Nifty Midcap 150 Index Fund,1.77
150428,Dsp Nifty Midcap 150 Quality 50 Index Fund,480.13
146381,Dsp Nifty Next 50 Index Fund,1154.4
153348,Dsp Nifty Private Bank Index Fund,46.39
149970,Dsp Nifty Sdl Plus G-Sec Jun 2028 30:70 Index Fund,2050.91
151373,Dsp Nifty Sdl Plus G-Sec Sep 2027 50:50 Index Fund,87.87
154018,Dsp Nifty Smallcap 250 Index Fund,1.73
152243,Dsp Nifty Smallcap250 Quality 50 Index Fund,284.53
152814,Dsp Nifty Top 10 Equal Weight Index Fund,1445.71
153801,Dsp Nifty500 Flexicap Quality 30 Index Fund,88.78
119275,Dsp Global Clean Energy Overseas Equity Omni Fof,104.32
149816,Dsp Global Innovation Overseas Equity Omni Fof,1181.94
152528,Dsp Us Specific Debt Passive Fof,64.93
119252,Dsp Us Specific Equity Omni Fof,1062.47
119277,Dsp World Gold Mining Overseas Equity Omni Fof,1644.26
119279,Dsp World Mining Overseas Equity Omni Fof,168.71
152183,Dsp Gold Etf Fund Of Fund,269.31
130493,Dsp Income Plus Arbitrage Omni Fof,1896.35
153487,Dsp Silver Etf Fund Of Fund,507.65
149190,Dsp Fmp Series - 264 - 60M - 17D,52.79
150842,Dsp Fmp Series - 267 - 1246 Days,706.46
150885,Dsp Fmp Series - 268 - 1281 Days,130.33
151449,Dsp Fmp Series - 270 - 1144 Days,191.82
152056,Dsp Multi Asset Allocation Fund,5364.04
136567,Dsp Equity Savings Fund,3879.09
126393,Dsp Dynamic Asset Allocation Fund,3652.38
118994,Dsp,180.79
142283,Dsp Arbitrage Fund,6515.44
119019,Dsp Aggressive Hybrid Fund,11986.06
148595,Dsp Value Fund,1223.19
119212,Dsp Small Cap Fund,16829.59
152206,Dsp Banking & Financial Services Fund,1542.78
153121,Dsp Business Cycle Fund,1179.09
145454,Dsp Healthcare Fund,3140.42
119247,Dsp India T.I.G.E.R. Fund,5411.21
119028,Dsp Natural Resources And New Energy Fund,1467.65
147306,Dsp Quant Fund,913.37
152310,Dsp Multicap Fund,2636.66
119071,Dsp Midcap Fund,19613.55
119250,Dsp Large Cap Fund,7049.83
119218,Dsp Large & Mid Cap Fund,16831.94
119096,Dsp Focused Fund,2660.44
119076,Dsp Flexi Cap Fund,12254.36
119242,Dsp Elss Tax Saver Fund,17343.78
119205,Dsp Ultra Short Fund,4027.9
119226,Dsp Short Term Fund,3852.69
146062,Dsp Overnight Fund,3007.23
119106,Dsp Savings Fund,7948.56
118924,Dsp Bond Fund,89.14
133925,Dsp Low Duration Fund,6183.62
119125,Dsp Liquidity Fund,20965.23
131301,Dsp 10Y G-Sec Fund,52.94
119099,Dsp Gilt Fund,1340.29
148771,Dsp Floater Fund,508.99
119239,Dsp Strategic Bond Fund,1388.12
119082,Dsp Credit Risk Fund,208.03
144646,Dsp Corporate Bond Fund,2801.86
124175,Dsp Banking & Psu Debt Fund,4147.01
153497,Edelweiss Bse Internet Economy Index Fund,31.62
150671,Edelweiss Crisil Ibx 50:50 Gilt Plus Sdl April 2037 Index Fund,980.01
150727,Edelweiss Crisil Ibx 50:50 Gilt Plus Sdl June 2027 Index Fund,94.96
150807,Edelweiss Crisil Ibx 50:50 Gilt Plus Sdl Sep 2028 Index Fund,144.57
151365,Edelweiss Crisil Ibx 50:50 Gilt Plus Sdl Short Duration Index Fund,147.32
153335,Edelweiss Crisil Ibx Aaa Bond Nbfc Hfc Jun 2027 Index Fund,84.22
153115,Edelweiss Crisil Ibx Aaa Financial Services - Jan 2028 Index Fund,111.62
149950,Edelweiss Crisil Psu Plus Sdl 50:50 Oct 2025 Index Fund,180.92
148555,Edelweiss Msci India Domestic & World Healthcare 45 Index Fund,170.56
149254,Edelweiss Nifty 100 Quality 30 Index Fund,161.41
149250,Edelweiss Nifty 50 Index Fund,219.66
152616,Edelweiss Nifty Alpha Low Volatility 30 Index Fund,146.71
149343,Edelweiss Nifty Large Midcap 250 Index Fund,315.45
150902,Edelweiss Nifty Midcap150 Momentum 50 Index Fund,1322.51
150899,Edelweiss Nifty Next 50 Index Fund,176.13
148795,Edelweiss Nifty Psu Bond Plus Sdl Apr 2026 50:50 Index Fund,6854.43
149247,Edelweiss Nifty Psu Bond Plus Sdl Apr 2027 50:50 Index Fund,2276.14
150892,Edelweiss Nifty Smallcap 250 Index Fund,185.8
152985,Edelweiss Nifty500 Multicap Momentum Quality 50 Index Fund,429.29
140256,Edelweiss Asean Equity Off-Shore Fund,131.59
140327,Edelweiss Emerging Markets Opportunities Equity Offshore Fund,162.35
140296,Edelweiss Europe Dynamic Equity Offshore Fund -,178.27
140243,Edelweiss Greater China Equity Off-Shore Fund,2518.51
148063,Edelweiss Us Technology Equity Fund Of Fund,3655.42
140274,Edelweiss Us Value Equity Offshore Fund,185.26
149401,Bharat Bond Etf Fof - April 2032,4491.35
150989,Bharat Bond Etf Fof - April 2033,2251.19
147857,Bharat Bond Fof - April 2030,9583.14
148450,Bharat Bond Fof- April 2031,4722.0
150581,Edelweiss Gold And Silver Etf Fof,1332.66
153712,Edelweiss Income Plus Arbitrage Active Fund Of Funds,200.5
153776,Edelweiss Multi Asset Omni Fund Of Fund,298.71
154072,Edelweiss Silver Etf Fund Of Fund,2.96
151792,Edelweiss Multi Asset Allocation Fund,2422.19
140347,Edelweiss Equity Savings Fund,1071.33
118615,Edelweiss Balanced Advantage Fund,13256.61
130206,Edelweiss Arbitrage Fund,16603.02
118624,Edelweiss Aggressive Hybrid Fund,3355.24
146196,Edelweiss Small Cap Fund,5288.18
152710,Edelweiss Business Cycle Fund,1742.52
153214,Edelweiss Consumption Fund,487.21
142388,Edelweiss Recently Listed Ipo Fund,951.75
152437,Edelweiss Technology Fund,723.89
152094,Edelweiss Multi Cap Fund,3106.33
140228,Edelweiss Mid Cap Fund,12876.76
118617,Edelweiss Large Cap Fund,1416.55
140175,Edelweiss Large & Mid Cap Fund,4307.4
150376,Edelweiss Focused Fund,1029.19
140353,Edelweiss Flexi Cap Fund,3025.21
118620,Edelweiss Elss Tax Saver Fund,440.8
147570,Edelweiss Overnight Fund,209.24
140237,Edelweiss Money Market Fund,1910.27
153416,Edelweiss Low Duration Fund,531.12
140196,Edelweiss Liquid Fund,10336.97
140298,Edelweiss Government Securities Fund,158.92
140286,Edelweiss Banking And Psu Debt Fund,412.25
118548,Franklin India Retirement Fund,52.67
118581,Franklin India Index Fund- Nse Nifty 50 Index Fund,307.42
118551,Franklin U.S. Opportunities Equity Active Fund Of Funds,1717.2
118543,Franklin India Dynamic Asset Allocation Active Fund Of Funds,112.46
132989,Franklin India Income Plus Arbitrage Active Fund Of Funds-,92.4
153731,Franklin India Multi Asset Allocation Fund,67.81
144466,Franklin India Equity Savings Fund-,681.27
150481,Franklin India Balanced Advantage Fund-,2854.34
118574,Franklin India Conservative Hybrid Fund,20.21
153043,Franklin India Arbitrage Fund,186.21
118546,Franklin India Aggressive Hybrid Fund,211.28
118494,Templeton India Value Fund,396.72
118525,Franklin India Small Cap Fund,2929.4
118559,Franklin Asian Equity Fund,133.02
118557,Franklin Build India Fund,2967.31
153942,Franklin India Multi-Factor Fund,8.37
118539,Franklin India Opportunities Fund,877.78
118537,Franklin India Technology Fund,289.24
152739,Franklin India Multi Cap Fund,261.41
118533,Franklin India Mid Cap Fund,2257.32
118531,Franklin India Large Cap Fund,1112.06
118510,Franklin India Large & Mid Cap Fund,315.04
118564,Franklin India Focused Equity Fund,2299.91
118535,Franklin India Flexi Cap Fund,3970.69
118540,Franklin India Elss Tax Saver Fund,900.22
118527,Franklin India Dividend Yield Fund,209.42
152825,Franklin India Ultra Short Duration Fund,63.79
147214,Franklin India Overnight Fund-,554.88
118506,Franklin India Money Market Fund,3347.57
152851,Franklin India Medium To Long Duration Fund,22.0
153368,Franklin India Low Duration Fund,95.9
153102,Franklin India Long Duration Fund,3.32
118577,Franklin India Liquid Fund - Super Institutional,2439.84
118498,Franklin India Government Securities Fund,44.63
118508,Franklin India Floating Rate Fund,65.28
118569,Franklin India Corporate Debt Fund,654.21
129008,Franklin India Banking & Psu Debt Fund,176.49
153704,Groww Nifty 50 Index Fund,16.91
153230,Groww Nifty India Railways Psu Index Fund,45.89
153939,Groww Nifty Midcap 150 Index Fund,5.74
153786,Groww Nifty Next 50 Index Fund,6.58
152637,Groww Nifty Non-Cyclical Consumer Index Fund,48.86
152431,Groww Nifty Smallcap 250 Index Fund,119.41
152092,Groww Nifty Total Market Index Fund,341.62
153745,Groww Bse Power Etf Fof,6.47
152980,Groww Gold Etf Fof,65.81
154028,Groww Multi Asset Omni Fof,7.01
153328,Groww Nifty 200 Etf Fof,6.0
153453,Groww Nifty 500 Momentum 50 Etf Fof,7.66
153908,Groww Nifty Capital Markets Etf Fof,3.13
152770,Groww Nifty Ev & New Age Automotive Etf Fof,157.99
152925,Groww Nifty India Defence Etf Fof,83.83
153626,Groww Nifty India Internet Etf Fof,9.8
153525,Groww Silver Etf Fof,46.01
153821,Groww Multi Asset Allocation Fund,316.06
145599,Groww Aggressive Hybrid Fund (Formerly Known As Indiabulls Equity Hybrid Fund),50.23
135341,Groww Value Fund (Formerly Known As Indiabulls Value Fund),66.09
152254,Groww Banking & Financial Services Fund,60.43
153034,Groww Multicap Fund,259.26
119133,Groww Largecap Fund (Formerly Known As Indiabulls Blue Chip Fund),118.44
141808,Groww Elss Tax Saver Fund (Formerly Known As Indiabulls Tax Savings Fund),52.95
123704,Groww Short Duration Fund (Formerly Known As Indiabulls Short Term Fund),114.85
147450,Groww Overnight Fund (Formerly Known As Indiabulls Overnight Fund),92.57
153982,Groww Money Market Fund,17.02
119135,Groww Liquid Fund ( Formerly Known As Indiabulls Liquid )Fund,149.05
153477,Groww Gilt Fund,38.92
145589,Groww Dynamic Bond Fund (Formerly Known As Indiabulls Dynamic Bond Fund),78.92
136094,Hdfc Retirement Savings Fund - Equity Plan -,6975.86
136465,Hdfc Retirement Savings Fund - Hybrid-Debt Plan -,161.34
136464,Hdfc Retirement Savings Fund - Hybrid-Equity Plan -,1731.23
151728,Hdfc Bse 500 Index Fund -,139.29
153959,Hdfc Bse India Sector Leaders India Fund,39.67
153517,Hdfc Crisil-Ibx Financial Services 3-6 Months Debt Index Fund,612.21
149870,Hdfc Nifty 100 Equal Weight Index Fund,280.12
149868,Hdfc Nifty 100 Index Fund,221.9
151495,Hdfc Nifty G-Sec Apr 2029 Index Fund -,169.51
150845,Hdfc Nifty G-Sec Dec 2026 Index Fund -,1168.5
150847,Hdfc Nifty G-Sec July 2031 Index Fund -,675.69
151181,Hdfc Nifty G-Sec Jun 2027 Index Fund -,744.45
151489,Hdfc Nifty G-Sec Jun 2036 Index Fund -,968.69
151183,Hdfc Nifty G-Sec Sep 2032 Index Fund -,653.67
153097,Hdfc Nifty India Digital Index Fund -,184.4
152889,Hdfc Nifty Largemidcap 250 Index Fund -,431.63
151724,Hdfc Nifty Midcap 150 Index Fund -,452.38
149288,Hdfc Nifty Next 50 Index Fund,1674.02
151456,Hdfc Nifty Sdl Oct 2026 Index Fund -,193.4
151570,Hdfc Nifty Sdl Plus G-Sec Jun 2027 40:60 Index Fund -,48.97
151727,Hdfc Nifty Smallcap 250 Index Fund -,561.5
149107,Hdfc Nifty50 Equal Weight Index Fund,1072.88
149180,Hdfc Developed World Overseas Equity Passive Fof,929.7
153860,Hdfc Diversified Equity All Cap Active Fof,1448.12
130543,Hdfc Income Plus Arbitrage Active Fof -,2189.75
148903,Hdfc Multi-Asset Active Fof -,5142.03
150737,Hdfc Silver Etf Fund Of Fund -,1982.36
151225,Hdfc Fmp 1204D December -,54.59
151565,Hdfc Fmp 1269D March 2023 -,81.0
150655,Hdfc Fmp 1359D September -,336.84
150547,Hdfc Fmp 1406D August 2022 -,262.26
149924,Hdfc Fmp 1861D March 2022 -,485.95
150002,Hdfc Fmp 1876D March 2022 -,33.95
151470,Hdfc Fmp 2638D February 2023 -,164.05
119131,Hdfc Multi-Asset Fund -,5229.04
119128,Hdfc Equity Savings Fund -,5854.06
118968,Hdfc Balanced Advantage Fund -,106732.93
119118,Hdfc Hybrid Debt Fund -,3370.17
118931,Hdfc Arbitrage Fund -,0.11
129052,Hdfc Arbitrage Fund - Wholesale,23211.13
119062,Hdfc Hybrid Equity Fund -,24568.4
118935,Hdfc Value Fund -,7580.45
130503,Hdfc Small Cap Fund -,37855.3
148986,Hdfc Banking & Financial Services Fund -,4391.35
150805,Hdfc Business Cycle Fund -,2922.95
151750,Hdfc Defence Fund -,7372.17
141924,Hdfc Housing Opportunities Fund  -,1296.94
118979,Hdfc Infrastructure Fund -,2519.9
153620,Hdfc Innovation Fund,2712.93
152600,Hdfc Manufacturing Fund -,11393.36
151458,Hdfc Mnc Fund -,588.05
151804,Hdfc Non-Cyclical Consumer Fund -,1080.62
152082,Hdfc Pharma And Healthcare Fund -,1975.91
152059,Hdfc Technology Fund -,1579.21
151901,Hdfc Transportation And Logistics Fund -,1727.11
149368,Hdfc Multi Cap Fund -,19674.21
118989,Hdfc Mid Cap Fund -,90112.54
119018,Hdfc Large Cap Fund -,39992.6
130498,Hdfc Large And Mid Cap Fund -,28475.06
118950,Hdfc Focused Fund -,25573.73
118955,Hdfc Flexi Cap Fund -,92240.29
119060,Hdfc Elss Tax Saver -,17127.88
148609,Hdfc Dividend Yield Fund -,6251.83
145034,Hdfc Ultra Short Term Fund,12157.31
119016,Hdfc Short Term  Debt Fund -,18078.01
119110,Hdfc Overnight Fund -,12273.27
119092,Hdfc Money Market Fund -,36318.96
119069,Hdfc Income Fund -,860.69
119081,Hdfc Medium Term Debt Fund -,3866.97
118942,Hdfc Low Duration  Fund,16659.91
151313,Hdfc Long Duration Debt Fund -,5169.82
119091,Hdfc Liquid Fund -,64818.43
119116,Hdfc Gilt Fund -,2945.04
118961,Hdfc Floating Rate Debt Fund,13337.99
119075,Hdfc Dynamic Debt Fund -,751.01
128051,Hdfc Credit Risk Debt Fund -,6983.24
118987,Hdfc Corporate Bond Fund -,35823.13
128629,Hdfc Banking And Psu Debt Fund -,5829.41
152509,Helios Balanced Advantage Fund,318.87
153912,Helios Small Cap Fund,213.58
152679,Helios Financial Services Fund,208.7
153326,Helios Mid Cap Fund,605.1
152941,Helios Large & Mid Cap Fund,581.38
152135,Helios Flexi Cap Fund,5220.45
152152,Helios Overnight Fund,257.0
149966,Hsbc Crisil Ibx 50:50 Gilt Plus Sdl Apr 2028 Index Fund,1884.61
151479,Hsbc Crisil Ibx Gilt June 2027 Index Fund,193.79
151157,Hsbc Nifty 50 Index Fund,366.58
151160,Hsbc Nifty Next 50 Index Fund,141.49
127071,Hsbc Asia Pacific (Ex Japan) Dividend Yield Fund -,66.36
120035,Hsbc Brazil Fund -,187.02
120043,Hsbc Global Emerging Market Fund -,105.53
148737,Hsbc Global Equity Climate Change Fund Of Fund,51.78
129200,Hsbc Aggressive Hybrid Active Fof -,42.91
129197,Hsbc Income Plus Arbitrage Active Fof -,679.36
129193,Hsbc Multi Asset Active Fof -,66.67
152380,Hsbc Multi Asset Allocation Fund,2442.05
151060,Hsbc Equity Savings Fund,768.4
151129,Hsbc Balanced Advantage Fund,1582.19
120073,Hsbc Conservative Hybrid Fund,149.68
151138,Hsbc Arbitrage Fund,2384.89
151122,Hsbc Aggressive Hybrid Fund,5634.32
151113,Hsbc Value Fund,14321.74
151130,Hsbc Small Cap Fund,16210.0
151142,Hsbc Business Cycles Fund,1145.51
152032,Hsbc Consumption Fund,1776.1
153266,Hsbc Financial Services Fund,778.77
152829,Hsbc India Export Opportunities Fund,1528.23
151040,Hsbc Infrastructure Fund,2313.51
151290,Hsbc Multi Cap Fund,5255.95
151036,Hsbc Midcap Fund,12397.36
120030,Hsbc Large Cap Fund,1897.46
146772,Hsbc Large & Mid Cap Fund,4616.28
148411,Hsbc Focused Fund,1707.17
120046,Hsbc Flexi Cap Fund,5208.31
151078,Hsbc Elss Tax Saver Fund,4163.26
120079,Hsbc Tax Saver Equity Fund -,245.28
147908,Hsbc Ultra Short Duration Fund,3615.87
151067,Hsbc Short Duration Fund,4509.73
147287,Hsbc Overnight Fund,4159.08
151054,Hsbc Money Market Fund,5507.71
120059,Hsbc Medium To Long Duration Fund,48.16
151146,Hsbc Medium Duration Fund,777.06
151117,Hsbc Low Duration Fund,1150.72
120038,Hsbc Liquid Fund -,16097.15
151014,Hsbc Gilt Fund,282.96
151087,Hsbc Dynamic Bond Fund,169.76
151045,Hsbc Credit Risk Fund,531.14
150996,Hsbc Corporate Bond Fund,6299.61
151107,Hsbc Banking And Psu Debt Fund,4398.72
146721,Icici Prudential Retirement Fund - Hybrid Aggressive,54.69
146716,Icici Prudential Retirement Fund - Hybrid Conservative,9.9
146727,Icici Prudential Retirement Fund - Pure Debt,14.81
146349,Icici Prudential Retirement Fund - Pure Equity,275.09
153236,Icici Prudential Crisil-Ibx Aaa Bond Financial Services Index -Dec 2026 Fund,7.7
153411,Icici Prudential Crisil-Ibx Financial Services 3-6 Months Debt Index Fund,503.91
149219,Icici Prudential Nasdaq 100 Index Fund,1969.49
150452,Icici Prudential Nifty 200 Momentum 30 Index Fund,395.13
153161,Icici Prudential Nifty 500 Index Fund,30.15
150643,Icici Prudential Nifty Auto Index Fund,105.68
149858,Icici Prudential Nifty Bank Index Fund,500.13
150733,Icici Prudential Nifty G-Sec Dec 2030 Index Fund,593.94
150468,Icici Prudential Nifty It Index Fund,479.68
152482,Icici Prudential Nifty Largemidcap 250 Index Fund,155.45
149389,Icici Prudential Nifty Midcap 150 Index Fund,756.72
120684,Icici Prudential Nifty Next 50 Index Fund,5868.78
150930,Icici Prudential Nifty Pharma Index Fund,65.11
153679,Icici Prudential Nifty Private Bank Index Fund,8.45
149210,Icici Prudential Nifty Psu Bond Plus Sdl Sep 2027 40:60 Index Fund,7345.34
150729,Icici Prudential Nifty Sdl Dec 2028 Index Fund,577.62
151211,Icici Prudential Nifty Sdl Sep 2026 Index Fund,213.81
149999,Icici Prudential Nifty Sdl Sep 2027 Index Fund,1217.6
149283,Icici Prudential Nifty Smallcap 250 Index Fund,452.55
153614,Icici Prudential Nifty Top 15 Equal Weight Index Fund,12.14
153546,Icici Prudential Nifty200 Quality 30 Index Fund,12.7
152936,Icici Prudential Nifty200 Value 30 Index Fund,60.0
150639,Icici Prudential Nifty50 Equal Weight Index Fund,116.46
152365,Icici Prudential Nifty50 Value 20 Index Fund,67.43
123654,Icici Prudential Global Stable Equity Fund (Fof),27.63
149455,Icici Prudential Strategic Metal And Energy Equity Fund Of Fund,59.73
149331,Icici Prudential Bse 500 Etf Fof,42.54
120702,Icici Prudential Diversified Debt Strategy Active Fof,40.42
148035,Icici Prudential Diversified Equity All Cap Omni Fof,130.39
120679,Icici Prudential Dynamic Asset Allocation Active Fof,2819.73
147648,Icici Prudential Global Advantage Fund (Fof),252.58
120313,Icici Prudential Income Plus Arbitrage Omni Fof,1568.67
120242,Icici Prudential Multi Sector Passive Fof,114.03
148822,Icici Prudential Nifty 100 Low Volatility 30 Etf Fof,1139.9
149158,Icici Prudential Nifty Alpha Low - Volatility 30 Etf Fof,813.93
153394,Icici Prudential Nifty Ev & New Age Automotive Etf Fof,19.51
149441,Icici Prudential Passive Multi-Asset Fund Of Funds,902.44
120685,Icici Prudential,7337.22
149775,Icici Prudential Silver Etf Fund Of Fund,1919.41
120700,Icici Prudential Thematic Advantage Fund (Fof),810.7
150950,Icici Prudential Fixed Maturity Plan - Series 88 - 1226 Days Plan F,116.35
151493,Icici Prudential Fixed Maturity Plan - Series 88 - 1303 Days Plan S,18.31
120334,Icici Prudential Multi-Asset Fund,14658.87
120377,Icici Prudential Balanced Advantage Fund,15276.78
120616,Icici Prudential,7337.22
120364,Icici Prudential Equity Arbitrage Fund,19149.7
120251,Icici Prudential Equity & Debt Fund,12275.68
120323,Icici Prudential Value Fund (Erstwhile Value Discovery Fund),17579.72
120591,Icici Prudential Smallcap Fund,1782.19
153684,Icici Prudential Active Momentum Fund,134.05
120244,Icici Prudential Banking And Financial Services Fund,5412.93
146951,Icici Prudential Bharat Consumption Fund,1345.0
148651,Icici Prudential Business Cycle Fund,15255.52
147662,Icici Prudential Commodities Fund,2307.79
153867,Icici Prudential Conglomerate Fund,34.23
152728,Icici Prudential Energy Opportunities Fund,3273.72
153070,Icici Prudential Equity Minimum Variance Fund,1320.24
148516,Icici Prudential Esg Exclusionary Strategy Fund,101.52
120688,Icici Prudential Exports & Services Fund,505.67
120587,Icici Prudential Fmcg Fund,946.69
150310,Icici Prudential Housing Opportunities Fund,207.12
120621,Icici Prudential Infrastructure Fund,3714.98
151580,Icici Prudential Innovation Fund,1960.69
147346,Icici Prudential Mnc Fund,169.64
150539,Icici Prudential Psu Equity Fund,401.88
153458,Icici Prudential Quality Fund,539.39
148600,Icici Prudential Quant Fund,152.67
153184,Icici Prudential Rural Opportunities Fund,549.24
120594,Icici Prudential Technology Fund,10071.42
150685,Icici Prudential Transportation And Logistics Fund,349.31
120186,Icici Prudential Us Bluechip Equity Fund,1596.57
120599,Icici Prudential Multicap Fund,3297.25
120381,Icici Prudential Midcap Fund,945.49
120586,Icici Prudential Large Cap Fund (Erstwhile Bluechip Fund),24551.49
120596,Icici Prudential Large & Mid Cap Fund,7247.5
120722,Icici Prudential Focused Equity Fund,4060.57
148990,Icici Prudential Flexicap Fund,3153.05
120592,Icici Prudential Elss Tax Saver Fund,1901.7
129312,Icici Prudential Dividend Yield Equity Fund,6249.85
120676,Icici Prudential Ultra Short Term Fund,11595.22
120754,Icici Prudential Short Term Fund,15379.03
145536,Icici Prudential Overnight Fund,10727.03
120211,Icici Prudential Money Market Fund,34844.66
120619,Icici Prudential Bond Fund,1854.98
120670,Icici Prudential Medium Term Bond Fund,2271.76
120398,Icici Prudential Savings Fund,22164.13
120743,Icici Prudential Long Term Bond Fund,442.38
120197,Icici Prudential Liquid Fund,36853.5
131061,Icici Prudential Constant Maturity Gilt Fund,1845.64
120590,Icici Prudential Gilt Fund,6833.5
120425,Icici Prudential Floating Interest Fund,2529.52
120603,Icici Prudential All Seasons Bond Fund,9275.9
120711,Icici Prudential Credit Risk Fund,2032.47
120692,Icici Prudential Corporate Bond Fund,29301.46
120256,Icici Prudential Banking And Psu Debt Fund,6886.23
148397,Il&Fs Infrastructure Debt Fund Series 2A -,219.44
148398,Il&Fs Infrastructure Debt Fund Series 2B -,377.15
148399,Il&Fs Infrastructure Debt Fund Series 2C -,299.46
151593,Invesco India Nifty G-Sec Jul 2027 Index Fund,75.17
151597,Invesco India Nifty G-Sec Sep 2032 Index Fund,48.93
149961,Invesco India - Invesco Eqqq Nasdaq-100 Etf Fund Of Fund,420.21
148614,Invesco India - Invesco Global Consumer Trends Fund Of Fund,650.42
129188,Invesco India - Invesco Global Equity Income Fund Of Fund,175.37
126353,Invesco India - Invesco Pan European Equity Fund Of Fund,109.31
120531,Invesco India Gold Etf Fund Of Fund,298.89
153697,Invesco India Income Plus Arbitrage Active Fund Of Fund,290.48
153047,Invesco India Multi Asset Allocation Fund,584.28
146457,Invesco India Equity Savings Fund,427.76
120333,Invesco India Balanced Advantage Fund,1101.62
120401,Invesco India Arbitrage Fund,27384.02
143537,Invesco India Aggressive Hybrid Fund,820.65
145137,Invesco India Smallcap Fund,8804.49
153291,Invesco India Business Cycle Fund,887.84
153900,Invesco India Consumption Fund,388.91
148751,Invesco India Esg Integration Strategy Fund,449.27
120385,Invesco India Financial Services Fund,1543.85
120405,Invesco India Infrastructure Fund,1483.16
152756,Invesco India Manufacturing Fund,739.93
120395,Invesco India Psu Equity Fund,1442.44
152863,Invesco India Technology Fund,338.61
120413,Invesco India Multicap Fund,4197.41
120403,Invesco India Midcap Fund,9601.96
120392,Invesco India Largecap Fund,1695.05
120357,Invesco India Large & Mid Cap Fund,9130.27
148481,Invesco India Focused Fund,4594.31
149763,Invesco India Flexi Cap Fund,4489.5
120416,Invesco India Elss Tax Saver Fund,2831.35
120348,Invesco India Contra Fund,20262.8
120541,Invesco India Ultra Short Duration Fund,1396.8
120560,Invesco India Short Duration Fund,1006.97
147883,Invesco India Overnight Fund,561.19
120507,Invesco India Money Market Fund,4479.09
149011,Invesco India Medium Duration Fund,172.21
120570,Invesco India Low Duration Fund,1341.64
120537,Invesco India Liquid Fund,14808.17
120520,Invesco India Gilt Fund,330.96
130722,Invesco India Credit Risk Fund,154.07
120497,Invesco India Corporate Bond Fund,7578.38
120444,Invesco India Banking And Psu Fund,174.99
147789,Iti Balanced Advantage Fund,398.95
147617,Iti Arbitrage Fund,49.66
148972,Iti Value Fund,345.34
147919,Iti Small Cap Fund,2780.71
149321,Iti Banking And Financial Services Fund,338.36
153260,Iti Bharat Consumption Fund,345.41
149268,Iti Pharma And Healthcare Fund,230.43
147183,Iti Multi Cap Fund,1328.47
148733,Iti Mid Cap Fund,1290.69
148353,Iti Large Cap Fund,530.58
152821,Iti Large & Midcap Fund,858.45
151777,Iti Focused Fund,560.92
151379,Iti Flexi Cap Fund,1271.51
147541,Iti Elss Tax Saver Fund,436.65
148913,Iti Ultra Short Duration Fund,165.66
147713,Iti Overnight Fund,43.69
147157,Iti Liquid Fund,59.42
149029,Iti Dynamic Bond Fund,94.08
148534,Iti Banking & Psu Debt Fund,38.01
153787,Jioblackrock Nifty 50 Index Fund,138.74
153791,Jioblackrock Nifty 8-13 Yr G-Sec Index Fund,31.93
153788,Jioblackrock Nifty Midcap 150 Index Fund,156.24
153789,Jioblackrock Nifty Next 50 Index Fund,127.55
153790,Jioblackrock Nifty Smallcap 250 Index Fund,179.3
154076,Jioblackrock Arbitrage Fund,38.74
153859,Jioblackrock Flexi Cap Fund,1814.96
153650,Jioblackrock Overnight Fund,1243.21
153649,Jioblackrock Money Market Fund,3372.48
153651,Jioblackrock Liquid Fund,6654.3
120482,Jm Arbitrage Fund (Direct) -,305.3
120484,Jm Aggressive Hybrid Fund (Direct) -,164.99
120486,Jm Value Fund (Direct) -,202.36
152614,Jm Small Cap Fund (Direct) -,150.22
150815,Jm Midcap Fund (Direct) -,428.57
120490,Jm Large Cap Fund (Direct) -,96.34
153629,Jm Large & Mid Cap Fund (Direct) -,22.45
120488,Jm Focused Fund (Direct)  -,38.45
120492,Jm Flexicap Fund (Direct) -,2857.14
120494,Jm Elss Tax Saver Fund (Direct) -,40.88
150545,Jm Short Duration Fund (Direct) -,62.83
147837,Jm Overnight Fund - (Direct) -,124.45
149828,Jm Overnight Fund - (Direct) - Unclaimed,1.91
149827,Jm Overnight Fund - (Direct) - Unclaimed,1.91
149829,Jm Overnight Fund - (Direct) - Unclaimed Redemption -,0.38
149826,Jm Overnight Fund - (Direct) - Unclaimed Redemption I.E.F. -,6.08
120430,Jm Medium To Long Duration Fund (Direct) -,21.77
143612,Jm Low Duration Fund (Direct) -,87.66
120406,Jm Liquid Fund (Direct) -,2015.36
148414,Jm Liquid Fund - Unclaimed Application Refund Amount I.E.F. (Direct) -,0.03
148413,Jm Liquid Fund - Unclaimed Brokerage I.E.F. (Direct) -,0.2
120435,Jm Dynamic Bond Fund - (Direct) -,48.06
152039,Kotak Bse Housing Index Fund,10.56
152755,Kotak Bse Psu Index Fund,78.61
153286,Kotak Bse Sensex Index Fund,15.04
153313,Kotak Crisil - Ibx Aaa Bond Financial Services Index Dec 2026 Fund,154.15
152869,Kotak Crisil -Ibx Aaa Financial Services Index Sep-2027 Fund,461.01
153372,Kotak Crisil-Ibx Financial Services 3-6 Months Debt Index Fund,403.21
153875,Kotak Crisil-Ibx Financial Services 9 To 12 Months Debt Index Fund,679.24
153146,Kotak Nifty 100 Equal Weight Index Fund,24.27
152663,Kotak Nifty 100 Low Volatility 30 Index Fund,133.75
151781,Kotak Nifty 200 Momentum 30 Index Fund,513.06
153660,Kotak Nifty 200 Quality 30 Index Fund,13.73
153150,Kotak Nifty 50 Equal Weight Index Fund,27.36
148978,Kotak Nifty 50 Index Fund,1021.08
153680,Kotak Nifty Aaa Bond Financial Services Mar 2028 Index Fund,353.96
153781,Kotak Nifty Alpha 50 Index Fund,14.81
153353,Kotak Nifty Commodities Index Fund,151.11
151911,Kotak Nifty Financial Services Ex-Bank Index Fund,84.78
152098,Kotak Nifty G-Sec July 2033 Index Fund,21.29
152870,Kotak Nifty India Tourism Index Fund,32.89
153401,Kotak Nifty Midcap 150 Index Fund,13.56
152916,Kotak Nifty Midcap 150 Momentum 50 Index Fund,294.4
152767,Kotak Nifty Midcap 50 Index Fund,63.9
148745,Kotak Nifty Next 50 Index Fund,822.0
149855,Kotak Nifty Sdl Apr  2027 Top 12 Equal Weight Index Fund,7267.0
149865,Kotak Nifty Sdl Apr 2032 Top 12 Equal Weight Index Fund,3224.09
151218,Kotak Nifty Sdl Jul 2026 Index Fund,104.23
151420,Kotak Nifty Sdl Jul 2033 Index Fund,190.18
150725,Kotak Nifty Sdl Plus Aaa Psu Bond Jul 2028 60:40 Index Fund,549.93
153223,Kotak Nifty Smallcap 250 Index Fund,37.06
151649,Kotak Nifty Smallcap 50 Index Fund,172.41
153461,Kotak Nifty Top 10 Equal Weight Index Fund,21.71
154032,Kotak Nifty500 Momentum 50 Index Fund,3.27
119779,Kotak Global Emerging Market Overseas Equity Omni Fof -,100.83
149059,Kotak Global Innovation Overseas Equity Omni Fof,546.04
148646,Kotak International Reit Overseas Equity Omni Fof,92.15
148662,Kotak Us Specific Equity Passive Fof,3756.14
119781,Kotak Gold Fund,4750.28
153921,Kotak Gold Silver Passive Fof,241.74
150822,Kotak Income Plus Arbitrage Omni Fof,5972.8
119777,Kotak Multi Asset Omni Fof,584.85
151603,Kotak Silver Etf Fund Of Fund,499.66
149139,Kotak Fmp Series 292,472.88
151174,Kotak Fmp Series 300,256.79
151286,Kotak Fmp Series 304,118.33
151316,Kotak Fmp Series 305,35.83
151681,Kotak Fmp Series 308,100.66
151686,Kotak Fmp Series 310,133.57
152064,Kotak Multi Asset Allocation Fund,9773.91
131373,Kotak Equity Savings Fund,9236.65
144335,Kotak Balanced Advantage Fund,17853.64
120154,Kotak Debt Hybrid -,3060.52
119771,Kotak Arbitrage Fund,72287.94
133035,Kotak Aggressive Hybrid Fund,8406.59
120164,Kotak-Small Cap Fund -,17385.44
153753,Kotak Active Momentum Fund,1392.14
151384,Kotak Banking & Financial Services Fund,1339.35
150624,Kotak Business Cycle,137.72
152169,Kotak Consumption Fund,1717.63
153447,Kotak Energy Opportunities Fund,243.85
148606,Kotak Esg Exclusionary Strategy Fund,862.84
152214,Kotak Healthcare Fund,477.77
133801,Kotak Infrastructure & Economic Reform Fund,933.51
149841,Kotak Manufacture In India Fund,2518.84
152910,Kotak Mnc Fund,2151.51
147727,Kotak Pioneer Fund,3285.35
151881,Kotak Quant Fund,576.38
153970,Kotak Rural Opportunities Fund,317.17
152702,Kotak Special Opportunities Fund,1786.49
152462,Kotak Technology Fund,629.47
153118,Kotak Transportation & Logistics Fund,546.11
149185,Kotak Multicap Fund,21848.12
119775,Kotak Midcap Fund,60212.75
120152,Kotak Large Cap  Fund -,2770.28
120158,Kotak Large & Midcap Fund,7167.91
147473,Kotak Focused Fund,3887.57
120166,Kotak Flexicap Fund -,55202.08
119773,Kotak Elss Tax Saver Fund-Growth,6207.93
119769,Kotak Contra Fund,4954.32
119750,Kotak Savings Fund-Growth,13552.22
119739,Kotak Bond Short Term Plan-(Growth),18269.97
146141,Kotak Overnight Fund,8044.27
119746,Kotak Money Market Fund - (Growth),35265.12
119735,Kotak Bond Fund -,1368.66
128006,Kotak Medium Term Fund,733.22
133810,Kotak Low Duration Fund,15091.26
152491,Kotak Long Duration Fund,141.57
119766,Kotak Liquid Fund,35284.43
119757,Kotak Gilt-Investment  Provident Fund And Trust-Growth,41.72
119759,Kotak Gilt-Investment,3331.76
147269,Kotak Floating Rate Fund,3027.72
119755,Kotak Dynamic Bond Fund -,1361.22
119741,Kotak Credit Risk Fund -,717.74
133791,Kotak Corporate Bond Fund,18855.22
123693,Kotak Banking And Psu Debt,3508.17
120285,Lic Mf Children'S Fund,15.52
120308,Lic Mf Bse Sensex Index Fund,92.66
120307,Lic Mf Nifty 50 Index Fund,354.42
151937,Lic Mf Nifty Next 50 Index Fund,100.52
151974,Lic Mf Gold Etf Fund Of Fund,511.34
153246,Lic Mf Multi Asset Allocation Fund,820.34
151952,Lic Mf Equity Savings Fund,33.16
149261,Lic Mf Balanced Advantage Fund,767.9
120276,Lic Mf Conservative Hybrid Fund,49.22
145895,Lic Mf Arbitrage Fund,274.64
120261,Lic Mf Aggressive Hybrid Fund,534.96
152018,Lic Mf Value Fund,201.17
152004,Lic Mf Small Cap Fund,628.53
134017,Lic Mf Banking And Financial Services Fund,283.48
153948,Lic Mf Consumption Fund,222.26
152024,Lic Mf Healthcare Fund,85.95
120351,Lic Mf Infrastructure Fund,1024.9
152920,Lic Mf Manufacturing Fund,799.75
150659,Lic Mf Multi Cap Fund,1799.04
152002,Lic Mf Mid Cap Fund,345.54
120267,Lic Mf Large Cap Fund,1488.38
133710,Lic Mf Large & Mid Cap Fund,3120.39
152010,Lic Mf Focused Fund,173.18
120264,Lic Mf Flexi Cap Fund,1065.95
120270,Lic Mf Elss Tax Saver,1102.68
152022,Lic Mf Dividend Yield Fund,689.59
147772,Lic Mf Ultra Short Duration Fund,221.78
145954,Lic Mf Short Duration Fund,225.71
147515,Lic Mf Overnight Fund,908.11
150392,Lic Mf Money Market Fund,3728.83
120279,Lic Mf Medium To Long Duration Fund,201.37
120315,Lic Mf Low Duration Fund,1863.29
120249,Lic Mf Liquid Fund,12373.73
120282,Lic Mf Gilt Fund,50.55
120338,Lic Mf Banking & Psu Fund,1884.82
149230,Mahindra Manulife Asia Pacific Reits Fof,41.67
154007,Mahindra Manulife Income Plus Arbitrage Active Fof,10.74
152443,Mahindra Manulife Multi Asset Allocation Fund,810.21
140444,Mahindra Manulife Equity Savings Fund,550.62
149406,Mahindra Manulife Balanced Advantage Fund,930.02
148468,Mahindra Manulife Arbitrage Fund,89.09
147446,Mahindra Manulife Aggressive Hybrid Fund,2006.77
153303,Mahindra Manulife Value Fund,605.89
150915,Mahindra Manulife Small Cap Fund,4214.05
153674,Mahindra Manulife Banking & Financial Services Fund,354.33
152045,Mahindra Manulife Business Cycle Fund,1281.82
145356,Mahindra Manulife Consumption Fund,559.57
152672,Mahindra Manulife Manufacturing Fund,776.14
141226,Mahindra Manulife Multi Cap Fund,6032.64
142110,Mahindra Manulife Mid Cap Fund,4193.54
146549,Mahindra Manulife Large Cap Fund,740.4
147840,Mahindra Manulife Large & Mid Cap Fund,2763.86
148567,Mahindra Manulife Focused Fund,2205.36
149104,Mahindra Manulife Flexi Cap Fund,1583.25
139781,Mahindra Manulife Elss Tax Saver Fund,971.72
147731,Mahindra Manulife Ultra Short Duration Fund,206.32
148729,Mahindra Manulife Short Duration Fund,80.92
147564,Mahindra Manulife Overnight Fund,111.64
140613,Mahindra Manulife Low Duration Fund,613.55
139538,Mahindra Manulife Liquid Fund,1101.33
144403,Mahindra Manulife Dynamic Bond Fund,93.71
150792,Mirae Asset Crisil Ibx Gilt Index - April 2033 Index Fund,228.88
153634,Mirae Asset Crisil-Ibx Financial Services 9-12 Months Debt Index Fund,139.82
152972,Mirae Asset Nifty 50 Index Fund,39.37
150788,Mirae Asset Nifty Aaa Psu Bond Plus Sdl Apr 2026 50:50 Index Fund,80.17
152976,Mirae Asset Nifty Largemidcap 250 Index Fund,29.72
150358,Mirae Asset Nifty Sdl Jun 2027 Index Fund,548.59
151691,Mirae Asset Nifty Sdl June 2028 Index Fund,73.9
152968,Mirae Asset Nifty Total Market Index Fund,47.36
150595,Mirae Asset Global Electric & Autonomous Vehicles Equity Passive Fof,58.32
150597,Mirae Asset Global X Artificial Intelligence & Technology Etf Fund Of Fund,384.74
153380,Mirae Asset Bse 200 Equal Weight Etf Fund Of Fund,5.65
153385,Mirae Asset Bse Select Ipo Etf Fund Of Fund,7.66
148500,Mirae Asset Diversified Equity Allocator Passive Fof,951.67
153007,Mirae Asset Gold Etf Fund Of Fund,232.47
153812,Mirae Asset Gold Silver Passive Fof,538.98
153638,Mirae Asset Income Plus Arbitrage Active Fof,20.03
153816,Mirae Asset Multi Factor Passive Fof,18.78
148574,Mirae Asset Nifty 100 Esg Sector Leaders Fund Of Fund,93.95
149790,Mirae Asset Nifty India Manufacturing Etf Fof,113.59
153192,Mirae Asset Nifty India New Age Consumption Etf Fund Of Fund,18.41
152645,Mirae Asset Nifty Midsmallcap400 Momentum Quality 100 Etf Fund Of Fund,242.76
152459,Mirae Asset Nifty Smallcap 250 Momentum Quality 100 Etf Fund Of Fund,214.31
152718,Mirae Asset Nifty200 Alpha 30 Etf Fund Of Fund,209.29
148928,Mirae Asset Nyse Fang + Etf Fund Of Fund,2344.24
149170,Mirae Asset S&P 500 Top 50 Etf Fund Of Fund,765.14
149381,Mirae Assethang Seng Tech Etf Fund Of Fund,50.86
152344,Mirae Asset Multi Asset Allocation Fund,2586.53
145693,Mirae Asset Equity Savings Fund,1766.39
150470,Mirae Asset Balanced Advantage Fund,1984.73
148401,Mirae Asset Arbitrage Fund,3634.22
134813,Mirae Asset Aggressive Hybrid Fund,9411.36
153196,Mirae Asset Small Cap Fund,2776.01
148623,Mirae Asset Banking And Financial Services Fund,2158.28
118837,Mirae Asset Great Consumer Fund,4751.64
143783,Mirae Asset Healthcare Fund,2806.95
153983,Mirae Asset Infrastructure Fund,96.2
151810,Mirae Asset Multicap Fund,4422.24
147445,Mirae Asset Midcap Fund,18087.66
118825,Mirae Asset Large Cap Fund,16245.75
118834,Mirae Asset Large & Midcap Fund,42948.62
147206,Mirae Asset Focused Fund,7897.55
151412,Mirae Asset Flexi Cap Fund,3354.0
135781,Mirae Asset Elss Tax Saver Fund,26982.82
148529,Mirae Asset Ultra Short Duration Fund,2070.72
142641,Mirae Asset Short Duration Fund,683.03
147736,Mirae Asset Overnight Fund,1829.56
149112,Mirae Asset Money Market Fund,3334.12
118840,Mirae Asset Low Duration Fund,2678.07
153105,Mirae Asset Long Duration Fund,30.5
118859,Mirae Asset Liquid Fund,15840.79
140769,Mirae Asset Dynamic Bond Fund,116.84
148755,Mirae Asset Corporate Bond Fund,45.61
148419,Mirae Asset Banking And Psu Fund,45.5
153596,Motilal Oswal Bse 1000 Index Fund,54.84
150443,Motilal Oswal Bse Financials Ex Bank 30 Index Fund,26.16
147794,Motilal Oswal Nifty 50 Index Fund,820.76
152875,Motilal Oswal Nifty 500 Momentum 50 Index Fund,771.95
153138,Motilal Oswal Nifty Capital Market Index Fund,301.37
152712,Motilal Oswal Nifty India Defence Index Fund,3841.49
151814,Motilal Oswal Nifty Microcap 250 Index Fund,2665.03
153027,Motilal Oswal Nifty Midsmall Financial Services Index Fund,59.76
153023,Motilal Oswal Nifty Midsmall Healthcare Index Fund,29.41
153025,Motilal Oswal Nifty Midsmall India Consumption Index Fund,19.03
153029,Motilal Oswal Nifty Midsmall It And Telecom Index Fund,35.89
147796,Motilal Oswal Nifty Next 50 Index Fund,391.46
148381,Motilal Oswal S&P 500 Index Fund,4059.78
152090,Motilal Oswal Developed Market Ex Us Etfs Fund Of Funds,33.96
149240,Motilal Oswal 5 Year G-Sec Fund Of Fund,49.84
148747,Motilal Oswal Asset Allocation Fof- A,114.1
148750,Motilal Oswal Asset Allocation Fof- C,71.87
145552,Motilal Oswal Nasdaq 100 Fund Of Fund,6366.83
139872,Motilal Oswal Balanced Advantage Fund  (Mofdynamic),115.25
153187,Motilal Oswal Arbitrage Fund,1685.88
152237,Motilal Oswal Small Cap Fund,5786.67
153364,Motilal Oswal Active Momentum Fund,264.33
152796,Motilal Oswal Business Cycle Fund,2158.64
153913,Motilal Oswal Consumption Fund,869.46
152964,Motilal Oswal Digital India Fund,898.07
153484,Motilal Oswal Infrastructure Fund,90.35
153258,Motilal Oswal Innovation Opportunities Fund,468.54
152760,Motilal Oswal Manufacturing Fund,218.13
152694,Motilal Oswal Quant Fund,144.29
153558,Motilal Oswal Services Fund,80.64
153749,Motilal Oswal Special Opportunities Fund,64.53
152651,Motilal Oswal Multi Cap Fund,4624.28
127042,Motilal Oswal Midcap Fund,37351.5
152354,Motilal Oswal Large Cap,2965.46
147704,Motilal Oswal Large And Midcap Fund,14846.0
122389,Motilal Oswal Focused Fund,1518.17
129046,Motilal Oswal Flexi Cap Fund,14167.21
133386,Motilal Oswal Elss Tax Saver Fund,4392.29
124234,Motilal Oswal Ultra Short Term Fund (Mofustf),564.26
145834,Motilal Oswal Liquid Fund,1178.12
152062,Navi Bse Sensex Index Fund,21.03
149039,Navi Nifty 50 Index Fund,3767.58
149804,Navi Nifty Bank Index Fund,650.83
150515,Navi Nifty India Manufacturing Index Fund,68.59
149892,Navi Nifty Midcap 150 Index Fund,349.73
154027,Navi Nifty Midsmallcap 400 Index Fund,2.46
149447,Navi Nifty Next 50 Index Fund,1033.94
152535,Navi Niftyit Index Fund,25.2
149910,Navi Nasdaq 100 Fund Of Fund,1098.51
149830,Navi Us Total Stock Market Fund Of Fund,960.06
143163,Navi Aggressive Hybrid Fund,124.07
135677,Navi Large & Midcap Fund,316.97
143793,Navi Flexi Cap Fund,262.1
135654,Navi Elss Tax Saver Fund,53.45
151471,Navi Elss Tax Saver Nifty 50 Index Fund,109.48
119164,Navi Liquid Fund,63.43
133569,Nippon India Retirement Fund- Income Generation Scheme,20.58
133629,Nippon India Retirement Fund- Income Generation Scheme,20.58
133568,Nippon India Retirement Fund- Wealth Creation Scheme,123.46
133630,Nippon India Retirement Fund- Wealth Creation Scheme,123.46
153567,Nippon India Bse Sensex Next 30 Index Fund,38.15
152992,Nippon India Crisil - Ibx Aaa Financial Services - Dec 2026 Index Fund,88.02
152996,Nippon India Crisil - Ibx Aaa Financial Services - Jan 2028 Index Fund,77.94
118785,Nippon India Index Fund - Bse Sensex Plan,799.46
118791,Nippon India Index Fund - Bse Sensex Plan,799.46
118742,Nippon India Index Fund - Nifty 50 Plan,2318.16
118741,Nippon India Index Fund - Nifty 50 Plan,2318.16
148721,Nippon India Nifty 50 Value 20 Index Fund,1022.77
152842,Nippon India Nifty 500 Equal Weight Index Fund,447.31
153474,Nippon India Nifty 500 Low Volatility 50 Index Fund,15.83
152881,Nippon India Nifty 500 Momentum 50 Index Fund,1066.76
153470,Nippon India Nifty 500 Quality 50 Index Fund,40.32
150012,Nippon India Nifty Aaa Cpse Bond Plus Sdl - Apr 2027 Maturity 60:40 Index Fund,3230.41
150754,Nippon India Nifty Aaa Psu Bond Plus Sdl - Sep 2026 Maturity 50:50 Index Fund,386.44
150487,Nippon India Nifty Alpha Low Volatility 30 Index Fund,1398.28
153064,Nippon India Nifty Auto Index Fund,39.26
152389,Nippon India Nifty Bank Index Fund,177.81
150920,Nippon India Nifty G-Sec Jun 2036 Maturity Index Fund,852.8
151440,Nippon India Nifty G-Sec Oct 2028 Maturity Index Fund,135.9
150906,Nippon India Nifty G-Sec Sep 2027 Maturity Index Fund,395.62
153806,Nippon India Nifty India Manufacturing Index Fund,15.24
152392,Nippon India Nifty It Index Fund,180.8
148726,Nippon India Nifty Midcap 150 Index Fund,2062.33
153060,Nippon India Nifty Realty Index Fund,30.82
150824,Nippon India Nifty Sdl Plus G-Sec - Jun 2028 Maturity 70:30 Index Fund,335.51
151390,Nippon India Nifty Sdl Plus G-Sec-Jun 2029 Maturity 70:30 Index Fund,316.04
148519,Nippon India Nifty Smallcap 250 Index Fund,2643.82
148642,Nippon India Diversified Equity Flexicap Passive Fof,233.9
118663,Nippon India Gold Savings Fund,1494.66
153600,Nippon India Income Plus Arbitrage Active Fund Of Fund,785.5
148666,Nippon India Multi - Asset Omni Fof,1583.94
146513,Nippon India Nifty Next 50 Junior Bees Fof,537.13
149760,Nippon India Silver Etf Fof,2583.09
118804,Nippon India Annual Interval Fund - Series I,0.68
149129,Nippon India Fixed Maturity Plan - Xliii - Series 1,234.91
150932,Nippon India Fixed Maturity Plan - Xliv - Series 4,53.27
147098,Nippon India Fixed Maturity Plan Xli - Series 8,32.38
149917,Nippon India Fixed Maturity Plan-Xliii-Series 5,182.61
150627,Nippon India Fixed Maturity Plan-Xliv-Series 1,77.4
151674,Nippon India Fixed Maturity Plan-Xlv-Series 4,118.63
151708,Nippon India Fixed Maturity Plan-Xlv-Series 5,235.11
118691,Nippon India Quarterly Interval Fund - Series Ii,12.21
148457,Nippon India Multi Asset Allocation Fund,9182.55
134595,Nippon India Equity Savings Fund,248.17
134594,Nippon India Equity Savings Fund,248.17
118736,Nippon India Balanced Advantage Fund,1106.49
118726,Nippon India Conservative Hybrid  Fund,240.75
118585,Nippon India Arbitrage Fund,9677.19
118794,Nippon India Aggressive Hybrid Fund,292.65
118784,Nippon India Value Fund,929.12
118777,Nippon India Small Cap Fund,20727.21
118778,Nippon India Small Cap Fund,20727.21
153274,Nippon India Active Momentum Fund,294.39
118588,Nippon India Banking & Financial Services Fund,1470.23
118589,Nippon India Banking & Financial Services Fund,1470.23
118722,Nippon India Consumption Fund,300.03
118724,Nippon India Consumption Fund,300.03
152033,Nippon India Innovation Fund,2862.65
130861,Nippon India Japan Equity Fund,226.09
130860,Nippon India Japan Equity Fund,226.09
153693,Nippon India Mnc Fund,430.12
118758,Nippon India Pharma Fund,2232.85
118759,Nippon India Pharma Fund,2232.85
118762,Nippon India Power & Infra Fund,1446.25
118763,Nippon India Power & Infra Fund,1446.25
118770,Nippon India Quant Fund,39.68
118769,Nippon India Quant Fund,39.68
149329,Nippon India Taiwan Equity Fund,409.24
134923,Nippon India Us Equity Opportunities Fund,304.24
118651,Nippon India Multi Cap Fund,9007.19
118650,Nippon India Multi Cap Fund,9007.19
118666,Nippon India,41364.09
118665,Nippon India,41364.09
118668,Nippon India,41364.09
118633,Nippon India Large Cap Fund,16051.14
118632,Nippon India Large Cap Fund,16051.14
118675,Nippon India Vision Large & Mid Cap Fund,637.36
118678,Nippon India Vision Large & Mid Cap Fund,637.36
118692,Nippon India Focused Fund,626.92
149094,Nippon India Flexi Cap Fund,9546.17
118803,Nippon India Tax Saver Fund,1266.14
143494,Nippon India Ultra Short Duration Fund,8394.67
118796,Nippon India Short Duration Fund,7017.96
145810,Nippon India Overnight Fund,8316.92
118715,Nippon India Money Market Fund,18493.33
118719,Nippon India Money Market Fund,18493.33
118679,Nippon India Medium To Long Duration  Fund,0.87
118687,Nippon India Medium To Long Duration Fund,145.26
130050,Nippon India Medium Duration Fund,61.49
118702,Nippon India Low Duration Fund,8083.6
118709,Nippon India Low Duration Fund,8083.6
143704,Nippon India Nivesh Lakshya Long Duration Fund,6289.68
118701,Nippon India Liquid Fund,25632.78
118672,Nippon India Gilt  Fund,1219.35
133265,Nippon India Gilt  Fund,1219.35
118656,Nippon India Floater Fund,7656.71
118747,Nippon India Dynamic Bond Fund,2906.28
118780,Nippon India Credit Risk Fund,456.42
118807,Nippon India Corporate Bond Fund,9206.34
118814,Nippon India Corporate Bond Fund,9206.34
134547,Nippon India Banking And Psu  Fund,4453.56
134552,Nippon India Banking And Psu Fund,1.18
149264,Nj Balanced Advantage Fund,3771.23
150367,Nj Arbitrage Fund,261.85
151917,Nj Flexi Cap Fund,2467.48
151611,Nj Elss Tax Saver Scheme,309.38
150369,Nj Overnight Fund,306.96
153979,Old Bridge Arbitrage Fund,41.5
152358,Old Bridge Focused Fund,2238.6
152537,Pgim India Retirement Fund,96.04
151407,Pgim India Crisil Ibx Gilt Index - Apr 2028 Fund,25.25
138456,Pgim India Emerging Markets Equity Fund Of Fund,690.86
138528,Pgim India Global Equity Opportunities Fund Of Fund,719.22
149298,Pgim India Global Select Real Estate Securities Fund Of Fund,52.47
153987,Pgim India Multi Asset Allocation Fund,57.7
138376,Pgim India Equity Savings Fund,10.56
148658,Pgim India Balanced Advantage Fund,947.15
138875,Pgim India Arbitrage Fund,98.42
138386,Pgim India Aggressive Hybrid Equity Fund,13.69
149019,Pgim India Small Cap Fund,1597.67
153039,Pgim India Healthcare Fund,102.91
152815,Pgim India Multi Cap Fund,425.76
125307,Pgim India Midcap Fund,11473.76
138312,Pgim India Large Cap Fund,47.69
152382,Pgim India Large And Midcap Fund,804.48
133839,Pgim India Flexi Cap Fund,6350.05
135601,Pgim India Elss Tax Saver Fund,777.48
138358,Pgim India Ultra Short Duration Fund,81.07
147606,Pgim India Overnight Fund,95.23
148161,Pgim India Money Market Fund,203.06
138299,Pgim India Liquid Fund,460.21
138472,Pgim India Gilt Fund,87.56
120084,Pgim India Dynamic Bond Fund,16.08
138330,Pgim India Corporate Bond Fund,29.79
152468,Parag Parikh Dynamic Asset Allocation Fund,2689.56
148958,Parag Parikh Conservative Hybrid Fund,3137.0
152109,Parag Parikh Arbitrage Fund,1973.01
122639,Parag Parikh Flexi Cap Fund,127790.27
147481,Parag Parikh Elss Tax Saver Fund,5839.58
143269,Parag Parikh Liquid Fund,4509.36
120821,Quant Multi Asset Allocation Fund-Growth,4104.24
153705,Quant Equity Savings Fund -,42.64
151713,Quant Dynamic Asset Allocation Fund -,1108.14
153426,Quant Arbitrage Fund -,171.61
120819,Quant Aggressive Hybrid Fund-Growth,779.53
149335,Quant Value Fund -,1725.65
120828,Quant Small Cap Fund -,30112.96
151791,Quant Bfsi Fund -,708.79
151757,Quant Business Cycle Fund -,1122.95
152255,Quant Commodities Fund -,340.1
152336,Quant Consumption Fund -,222.45
148564,Quant Esg Integration Strategy Fund -,272.66
151853,Quant Healthcare Fund -,379.08
120833,Quant Infrastructure Fund -,3203.19
151916,Quant Manufacturing Fund -,749.07
152189,Quant Momentum Fund -,1473.45
152415,Quant Psu Fund -,570.48
148925,Quant Quantamental Fund -,1696.7
152067,Quant Teck Fund -,321.55
120823,Quant Multi Cap Fund-Growth,8872.15
120841,Quant Mid Cap Fund -,8360.81
150440,Quant Large Cap Fund -,2866.92
120826,Quant Large & Mid Cap Fund -,3500.32
120834,Quant Focused Fund -,954.6
120843,Quant Flexi Cap Fund -,6830.96
120847,Quant Elss Tax Saver Fund -,12360.75
151190,Quant Overnight Fund -,60.12
120837,Quant Liquid Fund -,1651.63
151228,Quant Gilt Fund -,114.0
112039,Quantum Diversified Equity All Cap Active Fof,132.78
115132,Quantum Gold Savings Fund,355.59
117608,Quantum Multi Asset Active Fof,72.61
150390,Quantum Nifty 50 Etf Fund Of Fund,32.56
152474,Quantum Multi Asset Allocation Fund,48.55
103490,Quantum Value Fund,1205.77
152107,Quantum Small Cap Fund,169.54
147372,Quantum Esg Best In Class Strategy Fund,102.82
153094,Quantum Ethical Fund,85.33
111549,Quantum Elss Tax Saver Fund,225.44
103734,Quantum Liquid Fund,549.08
134494,Quantum Dynamic Bond Fund,118.34
153092,Samco Multi Asset Allocation Fund,364.07
152188,Samco Dynamic Asset Allocation Fund,296.38
153090,Samco Arbitrage Fund,21.74
151753,Samco Active Momentum Fund,755.73
152586,Samco Special Opportunities Fund,154.51
152847,Samco Multi Cap Fund,322.74
153239,Samco Large Cap Fund,138.04
153534,Samco Large & Mid Cap Fund,140.52
149450,Samco Flexi Cap Fund,347.04
150838,Samco Elss Tax Saver Fund,121.86
150631,Samco Overnight Fund,45.17
148685,Sbi Retirement Benefit Fund - Aggressive Hybrid Plan,1679.76
148683,Sbi Retirement Benefit Fund - Aggressive Plan,3120.34
148690,Sbi Retirement Benefit Fund - Conservative Hybrid Plan,286.46
148688,Sbi Retirement Benefit Fund - Conservative Plan,174.79
148490,Sbi Children'S Fund - Investment Plan,4861.75
119719,Sbi Children'S Fund - Savings Plan,131.1
150681,Sbi |Crisil Ibx Gilt Index - June 2036 Fund,1915.58
153432,Sbi Bse Psu Bank Index Fund,121.73
151769,Sbi Bse Sensex Index Fund,342.42
149474,Sbi Cpse Bond Plus Sdl Sep 2026 50:50 Index Fund,8176.8
150706,Sbi Crisil Ibx Gilt Index - April 2029 Fund,2082.83
150711,Sbi Crisil Ibx Sdl Index - September 2027 Fund,1007.38
152908,Sbi Nifty 500 Index Fund,851.06
153250,Sbi Nifty Bank Index Fund,133.12
119827,Sbi Nifty Index Fund,11364.47
153015,Sbi Nifty India Consumption Index Fund,323.22
153320,Sbi Nifty It Index Fund,71.4
150673,Sbi Nifty Midcap 150 Index Fund,942.89
148945,Sbi Nifty Next 50 Index Fund,1837.84
150677,Sbi Nifty Smallcap 250 Index Fund,1518.59
153718,Sbi Nifty100 Low Volatility 30 Index Fund,66.4
153662,Sbi Nifty200 Momentum 30 Index Fund,111.47
153555,Sbi Nifty200 Quality 30 Index Fund,309.05
152370,Sbi Nifty50 Equal Weight Index Fund,1024.66
148760,Sbi Us Specific Equity Active Fof,1077.74
153832,Sbi Dynamic Asset Allocation Active Fof,2136.85
119788,Sbi Gold Fund,9205.07
153498,Sbi Income Plus Arbitrage Active Fof,2044.76
152735,Sbi Silver Etf Fund Of Fund,1561.91
146974,Sbi Fixed Maturity Plan (Fmp) - Series 1 (3668 Days),50.29
148387,Sbi Fixed Maturity Plan (Fmp) - Series 34 (3682 Days),28.8
148967,Sbi Fixed Maturity Plan (Fmp) - Series 44 (1855 Days),398.15
149043,Sbi Fixed Maturity Plan (Fmp) - Series 46 (1850 Days),136.4
149147,Sbi Fixed Maturity Plan (Fmp) - Series 49 (1823 Days),406.84
149174,Sbi Fixed Maturity Plan (Fmp) - Series 50 (1843 Days),126.38
149195,Sbi Fixed Maturity Plan (Fmp) - Series 51 (1846 Days),310.26
149232,Sbi Fixed Maturity Plan (Fmp) - Series 52 (1848 Days),142.37
149279,Sbi Fixed Maturity Plan (Fmp) - Series 53 (1839 Days),321.09
149307,Sbi Fixed Maturity Plan (Fmp) - Series 54 (1842 Days),39.11
149345,Sbi Fixed Maturity Plan (Fmp) - Series 55 (1849 Days),263.87
149431,Sbi Fixed Maturity Plan (Fmp) - Series 57 (1835 Days),267.22
149460,Sbi Fixed Maturity Plan (Fmp) - Series 58 (1842 Days),260.85
149822,Sbi Fixed Maturity Plan (Fmp) - Series 59 (1618 Days),28.91
147248,Sbi Fixed Maturity Plan (Fmp) - Series 6 (3668 Days),36.36
149878,Sbi Fixed Maturity Plan (Fmp) - Series 60 (1878 Days),257.36
150602,Sbi Fixed Maturity Plan (Fmp) - Series 64 (1169 Days),178.93
150379,Sbi Fixed Maturity Plan (Fmp) - Series 66 (1361 Days),703.73
150460,Sbi Fixed Maturity Plan (Fmp) - Series 67 (1467 Days),606.51
150649,Sbi Fixed Maturity Plan (Fmp) - Series 68 (1302 Days),200.09
150984,Sbi Fixed Maturity Plan (Fmp) - Series 73 (1226 Days),208.39
151351,Sbi Fixed Maturity Plan (Fmp) - Series 76 (1221 Days),171.52
151559,Sbi Fixed Maturity Plan (Fmp) - Series 79 (1170 Days),85.03
148846,Sbi Fixed Maturity Plan (Fmp) Series 42 (1857 Days),493.59
148999,Sbi Fixed Maturity Plan (Fmp) Series 45 (1840 Days),233.46
149993,Sbi Fixed Maturity Plan (Fmp)- Series 61 (1927 Days),349.07
150919,Sbi Fixed Maturity Plan (Fmp)-Series 72 (1239 Days),348.62
151252,Sbi Fixed Maturity Plan (Fmp)-Series 74 (1243 Days),163.96
151451,Sbi Fixed Maturity Plan (Fmp)-Series 78 (1170 Days),129.81
151639,Sbi Fixed Maturity Plan (Fmp)-Series 81 (1157 Days),425.22
119843,Sbi Multi Asset Allocation Fund,11747.0
134643,Sbi Equity Savings Fund,6029.9
149134,Sbi Balanced Advantage Fund,38892.28
119839,Sbi Conservative Hybrid Fund,9923.85
119609,Sbi Equity Hybrid Fund,82117.65
125497,Sbi Small Cap Fund,36269.3
152657,Sbi Automotive Opportunities Fund,5372.48
133859,Sbi Banking & Financial Services Fund,9519.89
119705,Sbi Comma Fund,821.33
120575,Sbi Consumption Opportunities Fund,3219.2
152417,Sbi Energy Opportunities Fund,9363.15
146643,Sbi Equity Minimum Variance Fund,226.1
119709,Sbi Esg Exclusionary Strategy Fund,5730.31
119783,Sbi Healthcare Opportunities Fund,4058.12
119700,Sbi Infrastructure Fund,4773.2
152776,Sbi Innovative Opportunities Fund,6436.57
119711,Sbi Mnc Fund,5953.72
119732,Sbi Psu Fund,5702.57
153154,Sbi Quant Fund,3670.85
120578,Sbi Technology Opportunities Fund,5039.17
149882,Sbi Multicap Fund,23792.09
119716,Sbi Midcap Fund,23003.16
119598,Sbi Large Cap Fund,54939.96
119721,Sbi Large & Midcap Fund,36128.85
119727,Sbi Focused Fund,41620.28
119718,Sbi Flexicap Fund,23248.15
119723,Sbi Elss Tax Saver Fund,31884.32
151478,Sbi Dividend Yield Fund,9193.07
119835,Sbi Contra Fund,49216.73
136007,Sbi Long Term Advantage Fund - Series Iii,68.25
140487,Sbi Long Term Advantage Fund - Series Iv,211.51
142138,Sbi Long Term Advantage Fund - Series V,38.73
143178,Sbi Long Term Advantage Fund - Series Vi,270.33
119828,Sbi Ultra Short Duration Fund,15211.93
119816,Sbi Short Term Debt Fund,17420.39
119833,Sbi Overnight Fund,25640.79
119821,Sbi  Savings Fund,36510.25
119714,Sbi Medium To Long Duration Fund,2168.25
119824,Sbi Medium Duration Fund,6893.73
119812,Sbi Low Duration Fund,16599.08
151214,Sbi Long Duration Fund,2278.16
119800,Sbi Liquid Fund,68147.64
120137,Sbi Constant Maturity 10 Year Gilt Fund,1849.87
119707,Sbi Gilt Fund,11082.28
148550,Sbi Floating Rate Debt Fund,788.68
119671,Sbi Dynamic Bond Fund,4803.61
119798,Sbi Credit Risk Fund,2187.47
146215,Sbi Corporate Bond Fund,24977.76
125503,Sbi Banking & Psu Fund,4177.49
152051,Shriram Multi Asset Allocation Fund,138.21
147406,Shriram Balanced Advantage Fund,57.49
125711,Shriram Aggressive Hybrid Fund,49.66
153076,Shriram Multi Sector Rotation Fund,194.47
144905,Shriram Flexi Cap Fund,136.79
145819,Shriram Elss Tax Saver Fund,49.41
150562,Shriram Overnight Fund,211.55
153035,Shriram Liquid Fund,211.72
149483,Sundaram Nifty 100 Equal Weight Fund (Formerly Known As Principal Nifty 100 Equal Weight Fund),79.45
119602,Sundaram Global Brand Theme-Equity Active Fof,146.31
152314,Sundaram Multi Asset Allocation Fund,2975.37
149679,Sundaram Equity Savings Fund (Formerly Known As Principal Equity Savings Fund),176.99
149717,Sundaram Balanced Advantage Fund ( Formerly Known As Principal Balanced Advantage Fund),84.16
119635,Sundaram Conservative Hybrid Fund (Formerly Known As Sundaram Debt Oriented Hybrid Fund),20.43
149550,Sundaram Arbitrage Fund (Formerly Known As Prinicpal Arbitrage Fund),117.81
149601,Sundaram Aggressive Hybrid Fund (Formerly Known As Principal Hybrid Equity Fund),238.36
119549,Sundaram Value Fund,1471.38
119589,Sundaram Small Cap Fund,3432.56
152677,Sundaram Business Cycle Fund,1818.07
119595,Sundaram Consumption Fund (Formerly Known As Sundaram Rural And Consumption Fund,245.27
119597,Sundaram Financial Services Opportunities Fund,1618.57
129212,Sundaram Infrastructure Advantage Fund,954.16
153669,Sundaram Multi-Factor Fund,972.58
144835,Sundaram Services Fund,4697.03
149668,Sundaram Multi Cap Fund (Formerly Known As Principal Multi Cap,2899.78
149669,Sundaram Multi Cap Fund (Formerly Known As Principal Multi Cap,2899.78
119581,Sundaram Mid Cap Fund,13154.5
148507,Sundaram Large Cap Fund (Formerly Known As Sundaram Blue Chip Fund)Direct Plan -,316.74
119566,Sundaram Large And Midcap Fund,6725.04
149533,Sundaram Focused Fund (Formerly Known As Principal Focused Multicap Fund),102.2
150571,Sundaram Flexicap Fund,2124.34
149570,Sundaram Elss Tax Saver Fund,1394.82
149700,Sundaram Dividend Yield Fund (Formerly Known As Principal Dividend Yield Fund),28.87
139711,Sundaram Long Term Micro Cap Tax Advantage Fund Series Iii,76.1
139990,Sundaram Long Term Micro Cap Tax Advantage Fund Series Iv,35.92
141141,Sundaram Long Term Micro Cap Tax Advantage Fund Series V,30.71
141564,Sundaram Long Term Micro Cap Tax Advantage Fund Series Vi,36.42
135682,Sundaram Long Term Tax Advantage Fund Series Ii,13.36
142153,Sundaram Long Term Tax Advantage Fund Series Iii,34.35
143079,Sundaram Long Term Tax Advantage Fund Series Iv,22.66
149539,Sundaram Ultra Short Duration Fund (Formerly Known As Principal Ultra Short Term Fund),1418.24
149587,Sundaram Short Duration Fund (Formerly Known As Principal Short Term Debt Fund),80.78
146963,Sundaram Overnight Fund,642.84
145050,Sundaram Money Market Fund,2047.88
119675,Sundaram Medium Duration Fund (Formerly Known As Sundaram Medium Term Bond Fund),37.52
149526,Sundaram Low Duration Fund (Formerly Known As Principal Low Duration Fund),180.54
149664,Sundaram Liquid Fund (Formerly Known As Principal Cash Management Fund),6177.51
119621,Sundaram Corporate Bond Fund,773.11
119625,Sundaram Banking & Psu Fund (Formerly Known As Sundaram Banking And Psu Debt Fund),393.39
119256,Tata Retirement Savings Fund- Conservative Plan,174.45
119255,Tata Retirement Savings Fund- Moderate Plan,2172.66
119251,Tata Retirement Savings Fund- Progressive Plan,280.3
119312,Tata Childrens Fund,364.15
154066,Tata Bse Multicap Consumption 50:30:20 Index Fund,1.84
153420,Tata Bse Quality Index Fund,50.89
153132,Tata Bse Select Business Groups Index Fund,219.65
150692,Tata Crisil-Ibx Gilt Index - April 2026 Index Fund,872.41
152557,Tata Nifty Auto Index Fund,99.56
152951,Tata Nifty Capital Markets Index Fund,413.14
152577,Tata Nifty Financial Services Index Fund,86.53
151301,Tata Nifty G Sec Dec 2026 Index Fund,91.96
151273,Tata Nifty G-Sec Dec 2029 Index Fund,163.82
152742,Tata Nifty India Tourism Index Fund,303.87
153581,Tata Nifty Midcap 150 Index Fund,178.85
150738,Tata Nifty Midcap 150 Momentum 50 Index Fund -,1028.47
152564,Tata Nifty Midsmall Healthcare Index Fund,160.25
153858,Tata Nifty Next 50 Index Fund,121.03
152570,Tata Nifty Realty Index Fund,51.44
150326,Tata Nifty Sdl Plus Aaa Psu Bond Dec 6040 Index Fund,780.14
152836,Tata Nifty200 Alpha 30 Index Fund,206.4
152588,Tata Nifty500 Multicap India Manufacturing 50:30:20 Index Fund,126.07
152595,Tata Nifty500 Multicap Infrastructure 50:30:20 Index Fund,77.15
152287,Tata Gold Etf Fund Of Fund,667.89
153513,Tata Income Plus Arbitrage Active Fof,331.1
150344,Tata Nifty India Digital Etf Fund Of Fund,132.29
152293,Tata Silver Etf Fund Of Fund,517.37
148053,Tata Multi Asset Allocation Fund,4558.16
119960,Tata Equity Savings Fund,274.37
146010,Tata Balanced Advantage Fund,9819.94
145724,Tata Arbitrage Fund,19906.68
119053,Tata Aggressive Hybrid Fund,4137.93
119231,Tata Value Fund,8926.64
145206,Tata Small Cap Fund,11523.41
135793,Tata Banking And Financial Services Fund,3112.25
149071,Tata Business Cycle Fund,2864.87
135800,Tata Digital India Fund,11970.9
119172,Tata Ethical Fund,3741.97
150532,Tata Housing Opportunities Fund,529.13
135805,Tata India Consumer Fund,2649.16
153055,Tata India Innovation Fund,1694.82
135810,Tata India Pharma & Healthcare Fund,1325.88
119243,Tata Infrastructure Fund,2085.53
135813,Tata Resources & Energy Fund,1207.28
151232,Tata Multicap Fund,3197.26
119178,Tata Mid Cap Fund,5318.26
119160,Tata Large Cap Fund,2790.28
119202,Tata Large & Mid Cap Fund,8713.35
147757,Tata Focused Fund,1862.48
144546,Tata Flexi Cap Fund,3628.87
132756,Tata Elss Fund-Growth,4235.43
148947,Tata Dividend Yield Fund,1010.3
146075,Tata Ultra Short Term Fund,5631.29
119949,Tata Short Term Bond Fund,3407.62
146980,Tata Overnight Fund,5446.67
119424,Tata Money Market Fund,39468.15
119863,Tata Treasury Advantage Fund,3600.61
119861,Tata Liquid Fund,22961.95
119953,Tata Gilt Securities Fund,1306.52
149007,Tata Floating Rate Fund,137.15
149361,Tata Corporate Bond Fund,4212.75
118881,Taurus Nifty 50 Index Fund,6.43
118868,Taurus Banking & Financial Services Fund,12.03
118876,Taurus Ethical Fund,358.65
118879,Taurus Infrastructure Fund,9.44
118872,Taurus Mid Cap Fund,131.45
118870,Taurus Large Cap Fund,51.6
118883,Taurus Flexi Cap Fund,361.34
118866,Taurus Elss Tax Saver Fund,77.59
153999,The Wealth Company Multi Asset Allocation Fund,23.69
153891,The Wealth Company Arbitrage Fund,189.7
153895,The Wealth Company Ethical Fund,33.61
153872,The Wealth Company Flexi Cap Fund,216.82
153883,The Wealth Company Liquid Fund,957.43
151620,Trustmf Fixed Maturity Plan -Series Ii (1196 Days),62.95
153804,Trustmf Arbitrage Fund,75.63
152939,Trustmf Small Cap Fund,1193.09
153644,Trustmf Multi Cap Fund,282.2
152584,Trustmf Flexi Cap Fund,1139.85
149076,Trustmf Short Duration Fund,110.75
149797,Trust Mf Overnight Fund,108.97
150513,Trustmf Money Market Fund,108.05
148841,Trustmf Liquid Fund,698.4
151320,Trustmf Corporate Bond Fund,21.59
148656,Trustmf Banking & Psu Fund,132.52
153376,Unifi Dynamic Asset Allocation Fund,967.37
153543,Unifi Flexi Cap Fund,160.12
153570,Unifi Liquid Fund,185.93
150554,Union Retirement Fund,187.6
152219,Union Children'S Fund,79.67
153824,Union Diversified Equity All Cap Active Fof,202.43
153340,Union Gold Etf Fund Of Fund,108.66
153575,Union Income Plus Arbitrage Active Fof,125.52
151622,Union Fixed Maturity Plan - Series 13,26.69
152787,Union Multi Asset Allocation Fund,809.93
144312,Union Equity Savings Fund,141.5
142038,Union Balanced Advantage Fund,1363.25
146297,Union Arbitrage Fund,286.21
148592,Union Aggressive Hybrid Fund,681.06
145473,Union Value Fund,361.98
129649,Union Small Cap Fund,1761.59
153109,Union Active Momentum Fund,461.01
152409,Union Business Cycle Fund,556.7
154020,Union Consumption Fund,35.13
151905,Union Innovation & Opportunities Fund,1116.63
150858,Union Multicap Fund,1323.01
148073,Union Midcap Fund,1618.03
141248,Union Largecap Fund,474.27
147750,Union Large & Midcap Fund,942.37
147492,Union Focused Fund,424.78
119292,Union Flexi Cap Fund,87.86
119307,Union Elss Tax Saver Fund,30.59
153242,Union Short Duration Fund,446.13
147003,Union Overnight Fund,515.81
149117,Union Money Market Fund,192.52
153654,Union Low Duration Fund,887.09
119303,Union Liquid Fund,6135.36
150407,Union Gilt Fund,115.42
119311,Union Dynamic Bond Fund,29.07
143241,Union Corporate Bond Fund,586.83
120724,Uti Children'S Equity Fund,1169.75
151764,Uti Bse Housing Index Fund,25.18
149881,Uti Bse Low Volatility Index Fund,570.03
149803,Uti Bse Sensex Index Fund,211.53
151185,Uti Crisil Sdl Maturity April 2033 Index Fund,327.63
151239,Uti Crisil Sdl Maturity June 2027 Index Fund,72.1
148703,Uti Nifty 200 Momentum 30 Index Fund,8739.67
152859,Uti Nifty 200 Quality 30 Index Fund,654.9
120716,Uti Nifty 50 Index Fund -,20413.27
151739,Uti Nifty 500 Value 50 Index Fund,542.27
153086,Uti Nifty Alpha Low-Volatility 30 Index Fund,80.26
153270,Uti Nifty India Manufacturing Index Fund,24.79
153089,Uti Nifty Midcap 150 Index Fund,60.59
150313,Uti Nifty Midcap 150 Quality 50 Index Fund,258.21
153272,Uti Nifty Midsmallcap 400 Momentum Quality 100 Index Fund,91.61
143341,Uti Nifty Next 50 Index Fund,5920.9
152864,Uti Nifty Private Bank Index Fund,225.94
151364,Uti Nifty Sdl Plus Aaa Psu Bond Apr 2026 75:25 Index Fund,170.97
151487,Uti Nifty Sdl Plus Aaa Psu Bond Apr 2028- 75:25 Index Fund,34.19
151762,Uti Nifty50 Equal Weight Index Fund,116.95
150714,Uti Gold Etf Fund Of Fund,661.73
153442,Uti Income Plus Arbitrage Active Fund Of Fund,281.99
151731,Uti Silver Etf Fund Of Fund,305.97
123646,Uti Annual Interval Fund - I,21.2
150833,Uti Fixed Term Income Fund - Series Xxxv-I (1260 Days),336.48
150963,Uti Fixed Term Income Fund - Series Xxxv-Ii (1223 Days),187.57
151341,Uti Fixed Term Income Fund - Series Xxxv-Iii (1176 Days),45.36
151485,Uti Fixed Term Income Fund Series Xxxvi - I (1574 Days),62.16
120760,Uti Multi Asset Allocation Fund,6466.15
144490,Uti Equity Savings Fund,773.53
151885,Uti Balanced Advantage Fund,3165.76
120779,Uti Conservative Hybrid Fund,1698.64
120795,Uti Arbitrage Fund,10192.22
120674,Uti Aggressive Hybrid Fund,6629.37
120751,Uti Value Fund,10058.56
148618,Uti Small Cap Fund,4808.04
120682,Uti - Mnc Fund -,295.98
120733,Uti Banking And Financial Services Fund,1359.15
120782,Uti Healthcare Fund,1117.55
120780,Uti India Consumer Fund,732.8
120728,Uti Infrastructure Fund-Growth,1558.54
152087,Uti Innovation Fund,846.33
153204,Uti Quant Fund,1835.99
120731,Uti-Transportation And Logistics  Fund-Growth,3841.37
153515,Uti Multi Cap Fund,1742.42
120726,Uti Mid Cap Fund-Growth,10788.81
120656,Uti Large Cap Fund,13267.22
120665,Uti Large & Mid Cap Fund,5367.96
149091,Uti Focused Fund,2627.01
120662,Uti - Flexi Cap Fund-Growth,18121.41
120715,Uti Elss Tax Saver Fund,3769.22
120749,Uti-Dividend Yield Fund.-Growth,2412.73
120746,Uti Ultra Short Duration Fund,4368.98
120718,Uti Short Duration Fund,3351.79
120785,Uti - Overnight Fund,4011.73
120299,Uti Mmf,19417.2
120689,Uti Medium To Long Duration Fund-Growth,74.54
134503,Uti Medium Duration Fund,40.41
120735,Uti Low Duration Fund,2979.98
151523,Uti Long Duration Fund,98.77
120304,Uti-  Liquid Cash Plan,27557.71
150410,Uti Gilt Fund With 10 Year Constant Duration,140.66
120792,Uti - Gilt Fund,534.75
145295,Uti - Floater Fund,1073.76
120762,Uti Dynamic Bond Fund,450.43
120764,Uti Credit Risk Fund,260.27
144339,Uti Corporate Bond Fund,5652.61
126940,Uti Banking & Psu Fund,830.35
151745,Whiteoak Capital Multi Asset Allocation Fund,4823.82
153355,Whiteoak Capital Equity Savings Fund,190.07
151267,Whiteoak Capital Balanced Advantage Fund,2044.98
152132,Whiteoak Capital Balanced Hybrid Fund,252.58
152849,Whiteoak Capital Arbitrage Fund,779.7
152321,Whiteoak Capital Banking & Financial Services Fund,532.14
152915,Whiteoak Capital Digital Bharat Fund,421.83
152962,Whiteoak Capital Esg Best-In-Class Strategy Fund,69.87
152349,Whiteoak Capital Pharma And Heathcare Fund,486.24
153189,Whiteoak Capital Quality Equity Fund,652.14
152644,Whiteoak Capital Special Opportunities Fund,1313.75
152071,Whiteoak Capital Multi Cap Fund,2728.21
150584,Whiteoak Capital Mid Cap Fund,4179.35
150797,Whiteoak Capital Large Cap Fund,1115.72
152226,Whiteoak Capital Large & Mid Cap Fund,1991.84
150346,Whiteoak Capital Flexi Cap Fund,6661.07
150587,Whiteoak Capital Elss Tax Saver Fund,441.03
147311,Whiteoak Capital Ultra Short Duration Fund,557.98
145971,Whiteoak Capital Liquid Fund,555.98
152157,Zerodha Elss Tax Saver Nifty Largemidcap 250 Index Fund,241.46
153906,Zerodha Nifty 50 Index Fund,11.62
152156,Zerodha Nifty Largemidcap 250 Index Fund,1203.58
153011,Zerodha Gold Etf Fof,174.23
153757,Zerodha Multi Asset Passive Fof,79.22
153656,Zerodha Silver Etf Fof,109.66
153436,Zerodha Overnight Fund,81.75
