IndexName,date,nav
NIFTY SMALLCAP 250,02-Jan-23,11921.56
NIFTY SMALLCAP 250,03-Jan-23,11938.69
NIFTY SMALLCAP 250,04-Jan-23,11831.81
NIFTY SMALLCAP 250,05-Jan-23,11830.08
NIFTY SMALLCAP 250,06-Jan-23,11739.3
NIFTY SMALLCAP 250,09-Jan-23,11785.94
NIFTY SMALLCAP 250,10-Jan-23,11728.37
NIFTY SMALLCAP 250,11-Jan-23,11734.87
NIFTY SMALLCAP 250,12-Jan-23,11742.6
NIFTY SMALLCAP 250,13-Jan-23,11776.12
NIFTY SMALLCAP 250,16-Jan-23,11769.89
NIFTY SMALLCAP 250,17-Jan-23,11753.25
NIFTY SMALLCAP 250,18-Jan-23,11760.89
NIFTY SMALLCAP 250,19-Jan-23,11726.97
NIFTY SMALLCAP 250,20-Jan-23,11662.19
NIFTY SMALLCAP 250,23-Jan-23,11645.85
NIFTY SMALLCAP 250,24-Jan-23,11599.7
NIFTY SMALLCAP 250,25-Jan-23,11496.66
NIFTY SMALLCAP 250,27-Jan-23,11286.79
NIFTY SMALLCAP 250,30-Jan-23,11264.03
NIFTY SMALLCAP 250,31-Jan-23,11560.07
NIFTY SMALLCAP 250,01-Feb-23,11428.21
NIFTY SMALLCAP 250,02-Feb-23,11478.31
NIFTY SMALLCAP 250,03-Feb-23,11436.68
NIFTY SMALLCAP 250,06-Feb-23,11466.14
NIFTY SMALLCAP 250,07-Feb-23,11425.32
NIFTY SMALLCAP 250,08-Feb-23,11514.08
NIFTY SMALLCAP 250,09-Feb-23,11485.25
NIFTY SMALLCAP 250,10-Feb-23,11542.88
NIFTY SMALLCAP 250,13-Feb-23,11406.13
NIFTY SMALLCAP 250,14-Feb-23,11346.64
NIFTY SMALLCAP 250,15-Feb-23,11392.68
NIFTY SMALLCAP 250,16-Feb-23,11484.69
NIFTY SMALLCAP 250,17-Feb-23,11446.12
NIFTY SMALLCAP 250,20-Feb-23,11410.34
NIFTY SMALLCAP 250,21-Feb-23,11370.49
NIFTY SMALLCAP 250,22-Feb-23,11242.71
NIFTY SMALLCAP 250,23-Feb-23,11263.59
NIFTY SMALLCAP 250,24-Feb-23,11245.2
NIFTY SMALLCAP 250,27-Feb-23,11112.98
NIFTY SMALLCAP 250,28-Feb-23,11151.53
NIFTY SMALLCAP 250,01-Mar-23,11290.11
NIFTY SMALLCAP 250,02-Mar-23,11280.17
NIFTY SMALLCAP 250,03-Mar-23,11359.6
NIFTY SMALLCAP 250,06-Mar-23,11476.38
NIFTY SMALLCAP 250,08-Mar-23,11507.23
NIFTY SMALLCAP 250,09-Mar-23,11469.03
NIFTY SMALLCAP 250,10-Mar-23,11386.82
NIFTY SMALLCAP 250,13-Mar-23,11149.91
NIFTY SMALLCAP 250,14-Mar-23,11050.18
NIFTY SMALLCAP 250,15-Mar-23,11070.43
NIFTY SMALLCAP 250,16-Mar-23,10993.03
NIFTY SMALLCAP 250,17-Mar-23,11065.91
NIFTY SMALLCAP 250,20-Mar-23,10971.18
NIFTY SMALLCAP 250,21-Mar-23,11022.08
NIFTY SMALLCAP 250,22-Mar-23,11083.56
NIFTY SMALLCAP 250,23-Mar-23,11049.68
NIFTY SMALLCAP 250,24-Mar-23,10882.04
NIFTY SMALLCAP 250,27-Mar-23,10719.34
NIFTY SMALLCAP 250,28-Mar-23,10634.51
NIFTY SMALLCAP 250,29-Mar-23,10815.74
NIFTY SMALLCAP 250,31-Mar-23,10982.49
NIFTY SMALLCAP 250,03-Apr-23,11069.19
NIFTY SMALLCAP 250,05-Apr-23,11143.67
NIFTY SMALLCAP 250,06-Apr-23,11226.49
NIFTY SMALLCAP 250,10-Apr-23,11245.93
NIFTY SMALLCAP 250,11-Apr-23,11297.62
NIFTY SMALLCAP 250,12-Apr-23,11340.66
NIFTY SMALLCAP 250,13-Apr-23,11375.83
NIFTY SMALLCAP 250,17-Apr-23,11393.69
NIFTY SMALLCAP 250,18-Apr-23,11401.85
NIFTY SMALLCAP 250,19-Apr-23,11401.95
NIFTY SMALLCAP 250,20-Apr-23,11433.08
NIFTY SMALLCAP 250,21-Apr-23,11411.7
NIFTY SMALLCAP 250,24-Apr-23,11465.8
NIFTY SMALLCAP 250,25-Apr-23,11504.47
NIFTY SMALLCAP 250,26-Apr-23,11567.62
NIFTY SMALLCAP 250,27-Apr-23,11624.23
NIFTY SMALLCAP 250,28-Apr-23,11739.54
NIFTY SMALLCAP 250,02-May-23,11814.83
NIFTY SMALLCAP 250,03-May-23,11830.96
NIFTY SMALLCAP 250,04-May-23,11932.39
NIFTY SMALLCAP 250,05-May-23,11866.58
NIFTY SMALLCAP 250,08-May-23,11954.23
NIFTY SMALLCAP 250,09-May-23,11903.79
NIFTY SMALLCAP 250,10-May-23,11964.22
NIFTY SMALLCAP 250,11-May-23,12049.94
NIFTY SMALLCAP 250,12-May-23,12004.66
NIFTY SMALLCAP 250,15-May-23,12092.13
NIFTY SMALLCAP 250,16-May-23,12096.73
NIFTY SMALLCAP 250,17-May-23,12148.41
NIFTY SMALLCAP 250,18-May-23,12098.73
NIFTY SMALLCAP 250,19-May-23,12094.92
NIFTY SMALLCAP 250,22-May-23,12143.28
NIFTY SMALLCAP 250,23-May-23,12158.17
NIFTY SMALLCAP 250,24-May-23,12164.95
NIFTY SMALLCAP 250,25-May-23,12202.13
NIFTY SMALLCAP 250,26-May-23,12258.38
NIFTY SMALLCAP 250,29-May-23,12293.14
NIFTY SMALLCAP 250,30-May-23,12299.83
NIFTY SMALLCAP 250,31-May-23,12395.45
NIFTY SMALLCAP 250,01-Jun-23,12497.92
NIFTY SMALLCAP 250,02-Jun-23,12558.38
NIFTY SMALLCAP 250,05-Jun-23,12593.2
NIFTY SMALLCAP 250,06-Jun-23,12661.26
NIFTY SMALLCAP 250,07-Jun-23,12803.18
NIFTY SMALLCAP 250,08-Jun-23,12717.63
NIFTY SMALLCAP 250,09-Jun-23,12709.52
NIFTY SMALLCAP 250,12-Jun-23,12793.22
NIFTY SMALLCAP 250,13-Jun-23,12887.1
NIFTY SMALLCAP 250,14-Jun-23,12924
NIFTY SMALLCAP 250,15-Jun-23,12964.37
NIFTY SMALLCAP 250,16-Jun-23,13068.86
NIFTY SMALLCAP 250,19-Jun-23,13109.5
NIFTY SMALLCAP 250,20-Jun-23,13163.28
NIFTY SMALLCAP 250,21-Jun-23,13171.96
NIFTY SMALLCAP 250,22-Jun-23,13075.39
NIFTY SMALLCAP 250,23-Jun-23,12938.93
NIFTY SMALLCAP 250,26-Jun-23,13027.19
NIFTY SMALLCAP 250,27-Jun-23,13099.76
NIFTY SMALLCAP 250,28-Jun-23,13124.15
NIFTY SMALLCAP 250,30-Jun-23,13188.32
NIFTY SMALLCAP 250,03-Jul-23,13306.16
NIFTY SMALLCAP 250,04-Jul-23,13324.41
NIFTY SMALLCAP 250,05-Jul-23,13407.62
NIFTY SMALLCAP 250,06-Jul-23,13521.61
NIFTY SMALLCAP 250,07-Jul-23,13482.68
NIFTY SMALLCAP 250,10-Jul-23,13438.88
NIFTY SMALLCAP 250,11-Jul-23,13565.98
NIFTY SMALLCAP 250,12-Jul-23,13632.94
NIFTY SMALLCAP 250,13-Jul-23,13536.45
NIFTY SMALLCAP 250,14-Jul-23,13715.34
NIFTY SMALLCAP 250,17-Jul-23,13823.43
NIFTY SMALLCAP 250,18-Jul-23,13724.15
NIFTY SMALLCAP 250,19-Jul-23,13825.02
NIFTY SMALLCAP 250,20-Jul-23,13862.52
NIFTY SMALLCAP 250,21-Jul-23,13905.94
NIFTY SMALLCAP 250,24-Jul-23,13940.07
NIFTY SMALLCAP 250,25-Jul-23,13947.13
NIFTY SMALLCAP 250,26-Jul-23,13993.43
NIFTY SMALLCAP 250,27-Jul-23,14012.67
NIFTY SMALLCAP 250,28-Jul-23,14073.98
NIFTY SMALLCAP 250,31-Jul-23,14219.45
NIFTY SMALLCAP 250,01-Aug-23,14249.01
NIFTY SMALLCAP 250,02-Aug-23,14067.17
NIFTY SMALLCAP 250,03-Aug-23,14087.5
NIFTY SMALLCAP 250,04-Aug-23,14176.88
NIFTY SMALLCAP 250,07-Aug-23,14221.48
NIFTY SMALLCAP 250,08-Aug-23,14245.13
NIFTY SMALLCAP 250,09-Aug-23,14325.78
NIFTY SMALLCAP 250,10-Aug-23,14290.2
NIFTY SMALLCAP 250,11-Aug-23,14253.66
NIFTY SMALLCAP 250,14-Aug-23,14165.59
NIFTY SMALLCAP 250,16-Aug-23,14224.93
NIFTY SMALLCAP 250,17-Aug-23,14251.63
NIFTY SMALLCAP 250,18-Aug-23,14211.95
NIFTY SMALLCAP 250,21-Aug-23,14331.64
NIFTY SMALLCAP 250,22-Aug-23,14429.06
NIFTY SMALLCAP 250,23-Aug-23,14532.26
NIFTY SMALLCAP 250,24-Aug-23,14513.98
NIFTY SMALLCAP 250,25-Aug-23,14483.33
NIFTY SMALLCAP 250,28-Aug-23,14581.66
NIFTY SMALLCAP 250,29-Aug-23,14680.22
NIFTY SMALLCAP 250,30-Aug-23,14809.36
NIFTY SMALLCAP 250,31-Aug-23,14964.03
NIFTY SMALLCAP 250,01-Sep-23,15074.43
NIFTY SMALLCAP 250,04-Sep-23,15228.35
NIFTY SMALLCAP 250,05-Sep-23,15324.18
NIFTY SMALLCAP 250,06-Sep-23,15333.09
NIFTY SMALLCAP 250,07-Sep-23,15419.25
NIFTY SMALLCAP 250,08-Sep-23,15513.95
NIFTY SMALLCAP 250,11-Sep-23,15665.54
NIFTY SMALLCAP 250,12-Sep-23,15057.64
NIFTY SMALLCAP 250,13-Sep-23,15206.04
NIFTY SMALLCAP 250,14-Sep-23,15392.76
NIFTY SMALLCAP 250,15-Sep-23,15436.47
NIFTY SMALLCAP 250,18-Sep-23,15362.25
NIFTY SMALLCAP 250,20-Sep-23,15275.83
NIFTY SMALLCAP 250,21-Sep-23,15107.17
NIFTY SMALLCAP 250,22-Sep-23,15110.9
NIFTY SMALLCAP 250,25-Sep-23,15124.08
NIFTY SMALLCAP 250,26-Sep-23,15189.11
NIFTY SMALLCAP 250,27-Sep-23,15299.19
NIFTY SMALLCAP 250,28-Sep-23,15251.22
NIFTY SMALLCAP 250,29-Sep-23,15351.8
NIFTY SMALLCAP 250,03-Oct-23,15449.15
NIFTY SMALLCAP 250,04-Oct-23,15274.35
NIFTY SMALLCAP 250,05-Oct-23,15362.03
NIFTY SMALLCAP 250,06-Oct-23,15460.21
NIFTY SMALLCAP 250,09-Oct-23,15208.76
NIFTY SMALLCAP 250,10-Oct-23,15379.25
NIFTY SMALLCAP 250,11-Oct-23,15485.41
NIFTY SMALLCAP 250,12-Oct-23,15596.35
NIFTY SMALLCAP 250,13-Oct-23,15574.08
NIFTY SMALLCAP 250,16-Oct-23,15623.4
NIFTY SMALLCAP 250,17-Oct-23,15728.4
NIFTY SMALLCAP 250,18-Oct-23,15668.06
NIFTY SMALLCAP 250,19-Oct-23,15690.97
NIFTY SMALLCAP 250,20-Oct-23,15565.84
NIFTY SMALLCAP 250,23-Oct-23,14976.01
NIFTY SMALLCAP 250,25-Oct-23,14879.7
NIFTY SMALLCAP 250,26-Oct-23,14808.77
NIFTY SMALLCAP 250,27-Oct-23,15094.61
NIFTY SMALLCAP 250,30-Oct-23,15106.05
NIFTY SMALLCAP 250,31-Oct-23,15093.39
NIFTY SMALLCAP 250,01-Nov-23,15065.5
NIFTY SMALLCAP 250,02-Nov-23,15228.45
NIFTY SMALLCAP 250,03-Nov-23,15383.34
NIFTY SMALLCAP 250,06-Nov-23,15547.68
NIFTY SMALLCAP 250,07-Nov-23,15638.69
NIFTY SMALLCAP 250,08-Nov-23,15734.02
NIFTY SMALLCAP 250,09-Nov-23,15689.56
NIFTY SMALLCAP 250,10-Nov-23,15756.89
NIFTY SMALLCAP 250,12-Nov-23,15955.89
NIFTY SMALLCAP 250,13-Nov-23,15995.09
NIFTY SMALLCAP 250,15-Nov-23,16173.38
NIFTY SMALLCAP 250,16-Nov-23,16243.52
NIFTY SMALLCAP 250,17-Nov-23,16298.52
NIFTY SMALLCAP 250,20-Nov-23,16305.16
NIFTY SMALLCAP 250,21-Nov-23,16337.97
NIFTY SMALLCAP 250,22-Nov-23,16201
NIFTY SMALLCAP 250,23-Nov-23,16284.69
NIFTY SMALLCAP 250,24-Nov-23,16313.73
NIFTY SMALLCAP 250,28-Nov-23,16350.12
NIFTY SMALLCAP 250,29-Nov-23,16473.48
NIFTY SMALLCAP 250,30-Nov-23,16649.27
NIFTY SMALLCAP 250,01-Dec-23,16742.96
NIFTY SMALLCAP 250,04-Dec-23,16947.04
NIFTY SMALLCAP 250,05-Dec-23,16972.19
NIFTY SMALLCAP 250,06-Dec-23,17017.89
NIFTY SMALLCAP 250,07-Dec-23,17069.09
NIFTY SMALLCAP 250,08-Dec-23,16924.15
NIFTY SMALLCAP 250,11-Dec-23,17019.05
NIFTY SMALLCAP 250,12-Dec-23,16997.98
NIFTY SMALLCAP 250,13-Dec-23,17107.46
NIFTY SMALLCAP 250,14-Dec-23,17240.69
NIFTY SMALLCAP 250,15-Dec-23,17363.41
NIFTY SMALLCAP 250,18-Dec-23,17435.56
NIFTY SMALLCAP 250,19-Dec-23,17449.55
NIFTY SMALLCAP 250,20-Dec-23,16867
NIFTY SMALLCAP 250,21-Dec-23,17152.5
NIFTY SMALLCAP 250,22-Dec-23,17327.72
NIFTY SMALLCAP 250,26-Dec-23,17379.28
NIFTY SMALLCAP 250,27-Dec-23,17431.25
NIFTY SMALLCAP 250,28-Dec-23,17534.45
NIFTY SMALLCAP 250,29-Dec-23,17641.14
NIFTY SMALLCAP 250,01-Jan-24,17752.2
NIFTY SMALLCAP 250,02-Jan-24,17745.36
NIFTY SMALLCAP 250,03-Jan-24,17766.45
NIFTY SMALLCAP 250,04-Jan-24,17948.96
NIFTY SMALLCAP 250,05-Jan-24,18069.74
NIFTY SMALLCAP 250,08-Jan-24,17963.9
NIFTY SMALLCAP 250,09-Jan-24,18030.16
NIFTY SMALLCAP 250,10-Jan-24,18066.52
NIFTY SMALLCAP 250,11-Jan-24,18215.63
NIFTY SMALLCAP 250,12-Jan-24,18283.72
NIFTY SMALLCAP 250,15-Jan-24,18329.3
NIFTY SMALLCAP 250,16-Jan-24,18279.1
NIFTY SMALLCAP 250,17-Jan-24,18087.55
NIFTY SMALLCAP 250,18-Jan-24,18085.45
NIFTY SMALLCAP 250,19-Jan-24,18278.45
NIFTY SMALLCAP 250,20-Jan-24,18360.96
NIFTY SMALLCAP 250,23-Jan-24,17863.18
NIFTY SMALLCAP 250,24-Jan-24,18177.24
NIFTY SMALLCAP 250,25-Jan-24,18274.36
NIFTY SMALLCAP 250,29-Jan-24,18510.5
NIFTY SMALLCAP 250,30-Jan-24,18535.27
NIFTY SMALLCAP 250,31-Jan-24,18929.24
NIFTY SMALLCAP 250,01-Feb-24,18955.35
NIFTY SMALLCAP 250,02-Feb-24,19072.06
NIFTY SMALLCAP 250,05-Feb-24,19064.01
NIFTY SMALLCAP 250,06-Feb-24,19242.83
NIFTY SMALLCAP 250,07-Feb-24,19343.94
NIFTY SMALLCAP 250,08-Feb-24,19260.33
NIFTY SMALLCAP 250,09-Feb-24,19017.2
NIFTY SMALLCAP 250,12-Feb-24,18341.41
NIFTY SMALLCAP 250,13-Feb-24,18406.88
NIFTY SMALLCAP 250,14-Feb-24,18643.65
NIFTY SMALLCAP 250,15-Feb-24,18861.1
NIFTY SMALLCAP 250,16-Feb-24,18987.72
NIFTY SMALLCAP 250,19-Feb-24,19078.38
NIFTY SMALLCAP 250,20-Feb-24,19002.59
NIFTY SMALLCAP 250,21-Feb-24,18854.99
NIFTY SMALLCAP 250,22-Feb-24,18969.98
NIFTY SMALLCAP 250,23-Feb-24,19080.69
NIFTY SMALLCAP 250,26-Feb-24,19048.11
NIFTY SMALLCAP 250,27-Feb-24,19096.61
NIFTY SMALLCAP 250,28-Feb-24,18735.97
NIFTY SMALLCAP 250,29-Feb-24,18823.79
NIFTY SMALLCAP 250,01-Mar-24,18944.92
NIFTY SMALLCAP 250,02-Mar-24,19079.26
NIFTY SMALLCAP 250,04-Mar-24,18964.71
NIFTY SMALLCAP 250,05-Mar-24,18842.06
NIFTY SMALLCAP 250,06-Mar-24,18470.74
NIFTY SMALLCAP 250,07-Mar-24,18620.98
NIFTY SMALLCAP 250,11-Mar-24,18248.59
NIFTY SMALLCAP 250,12-Mar-24,17873.11
NIFTY SMALLCAP 250,13-Mar-24,16947.96
NIFTY SMALLCAP 250,14-Mar-24,17475.66
NIFTY SMALLCAP 250,15-Mar-24,17512.97
NIFTY SMALLCAP 250,18-Mar-24,17462.5
NIFTY SMALLCAP 250,19-Mar-24,17256.64
NIFTY SMALLCAP 250,20-Mar-24,17275.7
NIFTY SMALLCAP 250,21-Mar-24,17670.42
NIFTY SMALLCAP 250,22-Mar-24,17813.92
NIFTY SMALLCAP 250,26-Mar-24,17822.06
NIFTY SMALLCAP 250,27-Mar-24,17967.65
NIFTY SMALLCAP 250,28-Mar-24,18027.57
NIFTY SMALLCAP 250,01-Apr-24,18570.61
NIFTY SMALLCAP 250,02-Apr-24,18754.41
NIFTY SMALLCAP 250,03-Apr-24,18952
NIFTY SMALLCAP 250,04-Apr-24,19070.15
NIFTY SMALLCAP 250,05-Apr-24,19182.05
NIFTY SMALLCAP 250,08-Apr-24,19230.24
NIFTY SMALLCAP 250,09-Apr-24,19238.91
NIFTY SMALLCAP 250,10-Apr-24,19353.49
NIFTY SMALLCAP 250,12-Apr-24,19275.06
NIFTY SMALLCAP 250,15-Apr-24,18978.8
NIFTY SMALLCAP 250,16-Apr-24,19100.86
NIFTY SMALLCAP 250,18-Apr-24,19097.01
NIFTY SMALLCAP 250,19-Apr-24,19073.82
NIFTY SMALLCAP 250,22-Apr-24,19295.21
NIFTY SMALLCAP 250,23-Apr-24,19481.35
NIFTY SMALLCAP 250,24-Apr-24,19636.34
NIFTY SMALLCAP 250,25-Apr-24,19799.85
NIFTY SMALLCAP 250,26-Apr-24,19894.61
NIFTY SMALLCAP 250,29-Apr-24,19907.29
NIFTY SMALLCAP 250,30-Apr-24,19918.39
NIFTY SMALLCAP 250,02-May-24,19937.79
NIFTY SMALLCAP 250,03-May-24,19869.77
NIFTY SMALLCAP 250,06-May-24,19648.19
NIFTY SMALLCAP 250,07-May-24,19298.54
NIFTY SMALLCAP 250,08-May-24,19393.71
NIFTY SMALLCAP 250,09-May-24,18879.71
NIFTY SMALLCAP 250,10-May-24,19004.04
NIFTY SMALLCAP 250,13-May-24,18935.89
NIFTY SMALLCAP 250,14-May-24,19268.92
NIFTY SMALLCAP 250,15-May-24,19415.36
NIFTY SMALLCAP 250,16-May-24,19559.47
NIFTY SMALLCAP 250,17-May-24,19870.58
NIFTY SMALLCAP 250,18-May-24,20049.95
NIFTY SMALLCAP 250,21-May-24,19964.74
NIFTY SMALLCAP 250,22-May-24,19940.03
NIFTY SMALLCAP 250,23-May-24,19988.85
NIFTY SMALLCAP 250,24-May-24,19963.43
NIFTY SMALLCAP 250,27-May-24,20051.38
NIFTY SMALLCAP 250,28-May-24,19847.46
NIFTY SMALLCAP 250,29-May-24,19864
NIFTY SMALLCAP 250,30-May-24,19569.19
NIFTY SMALLCAP 250,31-May-24,19664.65
NIFTY SMALLCAP 250,03-Jun-24,20070.23
NIFTY SMALLCAP 250,04-Jun-24,18575.64
NIFTY SMALLCAP 250,05-Jun-24,19191.54
NIFTY SMALLCAP 250,06-Jun-24,19815.64
NIFTY SMALLCAP 250,07-Jun-24,20262.3
NIFTY SMALLCAP 250,10-Jun-24,20529.75
NIFTY SMALLCAP 250,11-Jun-24,20657.62
NIFTY SMALLCAP 250,12-Jun-24,20851.5
NIFTY SMALLCAP 250,13-Jun-24,21021.5
NIFTY SMALLCAP 250,14-Jun-24,21203.05
NIFTY SMALLCAP 250,18-Jun-24,21407.8
NIFTY SMALLCAP 250,19-Jun-24,21326.3
NIFTY SMALLCAP 250,20-Jun-24,21466.27
NIFTY SMALLCAP 250,21-Jun-24,21459.1
NIFTY SMALLCAP 250,24-Jun-24,21461.06
NIFTY SMALLCAP 250,25-Jun-24,21476.2
NIFTY SMALLCAP 250,26-Jun-24,21521.88
NIFTY SMALLCAP 250,27-Jun-24,21400.88
NIFTY SMALLCAP 250,28-Jun-24,21545.32
NIFTY SMALLCAP 250,01-Jul-24,21868.42
NIFTY SMALLCAP 250,02-Jul-24,21832.82
NIFTY SMALLCAP 250,03-Jul-24,22029.01
NIFTY SMALLCAP 250,04-Jul-24,22151.59
NIFTY SMALLCAP 250,05-Jul-24,22303.63
NIFTY SMALLCAP 250,08-Jul-24,22245.93
NIFTY SMALLCAP 250,09-Jul-24,22298.84
NIFTY SMALLCAP 250,10-Jul-24,22147.62
NIFTY SMALLCAP 250,11-Jul-24,22282.09
NIFTY SMALLCAP 250,12-Jul-24,22267.11
NIFTY SMALLCAP 250,15-Jul-24,22348.41
NIFTY SMALLCAP 250,16-Jul-24,22392.36
NIFTY SMALLCAP 250,18-Jul-24,22146.46
NIFTY SMALLCAP 250,19-Jul-24,21627.58
NIFTY SMALLCAP 250,22-Jul-24,21822.33
NIFTY SMALLCAP 250,23-Jul-24,21690.59
NIFTY SMALLCAP 250,24-Jul-24,22095.1
NIFTY SMALLCAP 250,25-Jul-24,22034.07
NIFTY SMALLCAP 250,26-Jul-24,22243.81
NIFTY SMALLCAP 250,29-Jul-24,22482.62
NIFTY SMALLCAP 250,30-Jul-24,22668.48
NIFTY SMALLCAP 250,31-Jul-24,22624.73
NIFTY SMALLCAP 250,01-Aug-24,22472.05
NIFTY SMALLCAP 250,02-Aug-24,22287.45
NIFTY SMALLCAP 250,05-Aug-24,21355.37
NIFTY SMALLCAP 250,06-Aug-24,21272.65
NIFTY SMALLCAP 250,07-Aug-24,21784.24
NIFTY SMALLCAP 250,08-Aug-24,21723
NIFTY SMALLCAP 250,09-Aug-24,21867.51
NIFTY SMALLCAP 250,12-Aug-24,21939.08
NIFTY SMALLCAP 250,13-Aug-24,21669.36
NIFTY SMALLCAP 250,14-Aug-24,21550.87
NIFTY SMALLCAP 250,16-Aug-24,21918.7
NIFTY SMALLCAP 250,19-Aug-24,22254.24
NIFTY SMALLCAP 250,20-Aug-24,22376.64
NIFTY SMALLCAP 250,21-Aug-24,22623.4
NIFTY SMALLCAP 250,22-Aug-24,22695.3
NIFTY SMALLCAP 250,23-Aug-24,22725.25
NIFTY SMALLCAP 250,26-Aug-24,22820.05
NIFTY SMALLCAP 250,27-Aug-24,22994.76
NIFTY SMALLCAP 250,28-Aug-24,22945.49
NIFTY SMALLCAP 250,29-Aug-24,22815.26
NIFTY SMALLCAP 250,30-Aug-24,22934.49
NIFTY SMALLCAP 250,02-Sep-24,22918.64
NIFTY SMALLCAP 250,03-Sep-24,23053.88
NIFTY SMALLCAP 250,04-Sep-24,23124.96
NIFTY SMALLCAP 250,05-Sep-24,23346.43
NIFTY SMALLCAP 250,06-Sep-24,23113.65
NIFTY SMALLCAP 250,09-Sep-24,22922.98
NIFTY SMALLCAP 250,10-Sep-24,23209.78
NIFTY SMALLCAP 250,11-Sep-24,23028.62
NIFTY SMALLCAP 250,12-Sep-24,23209.03
NIFTY SMALLCAP 250,13-Sep-24,23415.65
NIFTY SMALLCAP 250,16-Sep-24,23453.23
NIFTY SMALLCAP 250,17-Sep-24,23411.6
NIFTY SMALLCAP 250,18-Sep-24,23332.66
NIFTY SMALLCAP 250,19-Sep-24,23074.31
NIFTY SMALLCAP 250,20-Sep-24,23323.86
NIFTY SMALLCAP 250,23-Sep-24,23524.82
NIFTY SMALLCAP 250,24-Sep-24,23474.51
NIFTY SMALLCAP 250,25-Sep-24,23392.12
NIFTY SMALLCAP 250,26-Sep-24,23287.12
NIFTY SMALLCAP 250,27-Sep-24,23242.76
NIFTY SMALLCAP 250,30-Sep-24,23256.45
NIFTY SMALLCAP 250,01-Oct-24,23409.41
NIFTY SMALLCAP 250,03-Oct-24,22964.06
NIFTY SMALLCAP 250,04-Oct-24,22765.03
NIFTY SMALLCAP 250,07-Oct-24,22124.55
NIFTY SMALLCAP 250,08-Oct-24,22589.83
NIFTY SMALLCAP 250,09-Oct-24,22869.11
NIFTY SMALLCAP 250,10-Oct-24,22898.67
NIFTY SMALLCAP 250,11-Oct-24,23006.92
NIFTY SMALLCAP 250,14-Oct-24,23072.73
NIFTY SMALLCAP 250,15-Oct-24,23328.56
NIFTY SMALLCAP 250,16-Oct-24,23376.96
NIFTY SMALLCAP 250,17-Oct-24,23046.43
NIFTY SMALLCAP 250,18-Oct-24,23037.1
NIFTY SMALLCAP 250,21-Oct-24,22657.48
NIFTY SMALLCAP 250,22-Oct-24,21823.05
NIFTY SMALLCAP 250,23-Oct-24,22051.01
NIFTY SMALLCAP 250,24-Oct-24,21919.67
NIFTY SMALLCAP 250,25-Oct-24,21419.26
NIFTY SMALLCAP 250,28-Oct-24,21666.28
NIFTY SMALLCAP 250,29-Oct-24,21826.31
NIFTY SMALLCAP 250,30-Oct-24,22085.49
NIFTY SMALLCAP 250,31-Oct-24,22424.5
NIFTY SMALLCAP 250,01-Nov-24,22661.58
NIFTY SMALLCAP 250,04-Nov-24,22245.98
NIFTY SMALLCAP 250,05-Nov-24,22353.8
NIFTY SMALLCAP 250,06-Nov-24,22775.3
NIFTY SMALLCAP 250,07-Nov-24,22634.01
NIFTY SMALLCAP 250,08-Nov-24,22282.26
NIFTY SMALLCAP 250,11-Nov-24,22016.49
NIFTY SMALLCAP 250,12-Nov-24,21729.02
NIFTY SMALLCAP 250,13-Nov-24,21064.28
NIFTY SMALLCAP 250,14-Nov-24,21231.61
NIFTY SMALLCAP 250,18-Nov-24,21095.49
NIFTY SMALLCAP 250,19-Nov-24,21289.19
NIFTY SMALLCAP 250,21-Nov-24,21166.06
NIFTY SMALLCAP 250,22-Nov-24,21373.93
NIFTY SMALLCAP 250,25-Nov-24,21825.83
NIFTY SMALLCAP 250,26-Nov-24,21960.17
NIFTY SMALLCAP 250,27-Nov-24,22184.43
NIFTY SMALLCAP 250,28-Nov-24,22216.29
NIFTY SMALLCAP 250,29-Nov-24,22396.2
NIFTY SMALLCAP 250,02-Dec-24,22552.51
NIFTY SMALLCAP 250,03-Dec-24,22764.13
NIFTY SMALLCAP 250,04-Dec-24,22936.66
NIFTY SMALLCAP 250,05-Dec-24,23046.47
NIFTY SMALLCAP 250,06-Dec-24,23171.08
NIFTY SMALLCAP 250,09-Dec-24,23256.39
NIFTY SMALLCAP 250,10-Dec-24,23324.82
NIFTY SMALLCAP 250,11-Dec-24,23390.65
NIFTY SMALLCAP 250,12-Dec-24,23172.77
NIFTY SMALLCAP 250,13-Dec-24,23088.61
NIFTY SMALLCAP 250,16-Dec-24,23190.08
NIFTY SMALLCAP 250,17-Dec-24,23061.18
NIFTY SMALLCAP 250,18-Dec-24,22905.13
NIFTY SMALLCAP 250,19-Dec-24,22827.49
NIFTY SMALLCAP 250,20-Dec-24,22367.9
NIFTY SMALLCAP 250,23-Dec-24,22272.43
NIFTY SMALLCAP 250,24-Dec-24,22341.14
NIFTY SMALLCAP 250,26-Dec-24,22334.78
NIFTY SMALLCAP 250,27-Dec-24,22395.19
NIFTY SMALLCAP 250,30-Dec-24,22297.75
NIFTY SMALLCAP 250,31-Dec-24,22442.03
NIFTY SMALLCAP 250,01-Jan-25,22639.89
NIFTY SMALLCAP 250,02-Jan-25,22765.23
NIFTY SMALLCAP 250,03-Jan-25,22721.16
NIFTY SMALLCAP 250,06-Jan-25,22067.12
NIFTY SMALLCAP 250,07-Jan-25,22379.17
NIFTY SMALLCAP 250,08-Jan-25,22069.9
NIFTY SMALLCAP 250,09-Jan-25,21812.55
NIFTY SMALLCAP 250,10-Jan-25,21280.42
NIFTY SMALLCAP 250,13-Jan-25,20429.01
NIFTY SMALLCAP 250,14-Jan-25,20761.31
NIFTY SMALLCAP 250,15-Jan-25,20870.2
NIFTY SMALLCAP 250,16-Jan-25,21122.85
NIFTY SMALLCAP 250,17-Jan-25,21113.52
NIFTY SMALLCAP 250,20-Jan-25,21291.62
NIFTY SMALLCAP 250,21-Jan-25,20840.68
NIFTY SMALLCAP 250,22-Jan-25,20507.82
NIFTY SMALLCAP 250,23-Jan-25,20674.68
NIFTY SMALLCAP 250,24-Jan-25,20230.87
NIFTY SMALLCAP 250,27-Jan-25,19491.3
NIFTY SMALLCAP 250,28-Jan-25,19136.03
NIFTY SMALLCAP 250,29-Jan-25,19740.69
NIFTY SMALLCAP 250,30-Jan-25,19706.05
NIFTY SMALLCAP 250,31-Jan-25,20043.67
NIFTY SMALLCAP 250,01-Feb-25,20175.68
NIFTY SMALLCAP 250,03-Feb-25,19826.34
NIFTY SMALLCAP 250,04-Feb-25,20051.83
NIFTY SMALLCAP 250,05-Feb-25,20366.25
NIFTY SMALLCAP 250,06-Feb-25,20359.23
NIFTY SMALLCAP 250,07-Feb-25,20282.19
NIFTY SMALLCAP 250,10-Feb-25,19850.43
NIFTY SMALLCAP 250,11-Feb-25,19171.65
NIFTY SMALLCAP 250,12-Feb-25,19037.15
NIFTY SMALLCAP 250,13-Feb-25,18970.46
NIFTY SMALLCAP 250,14-Feb-25,18344.37
NIFTY SMALLCAP 250,17-Feb-25,18302.76
NIFTY SMALLCAP 250,18-Feb-25,18050.79
NIFTY SMALLCAP 250,19-Feb-25,18456.53
NIFTY SMALLCAP 250,20-Feb-25,18682.5
NIFTY SMALLCAP 250,21-Feb-25,18578.94
NIFTY SMALLCAP 250,24-Feb-25,18355.02
NIFTY SMALLCAP 250,25-Feb-25,18273.12
NIFTY SMALLCAP 250,27-Feb-25,17967.56
NIFTY SMALLCAP 250,28-Feb-25,17517.56
NIFTY SMALLCAP 250,03-Mar-25,17405.4
NIFTY SMALLCAP 250,04-Mar-25,17605.54
NIFTY SMALLCAP 250,05-Mar-25,18082.51
NIFTY SMALLCAP 250,06-Mar-25,18351.06
NIFTY SMALLCAP 250,07-Mar-25,18477.12
NIFTY SMALLCAP 250,10-Mar-25,18125.65
NIFTY SMALLCAP 250,11-Mar-25,18007.8
NIFTY SMALLCAP 250,12-Mar-25,17959.29
NIFTY SMALLCAP 250,13-Mar-25,17835.56
NIFTY SMALLCAP 250,17-Mar-25,17893.88
NIFTY SMALLCAP 250,18-Mar-25,18369.54
NIFTY SMALLCAP 250,19-Mar-25,18735.68
NIFTY SMALLCAP 250,20-Mar-25,18882.37
NIFTY SMALLCAP 250,21-Mar-25,19287.23
NIFTY SMALLCAP 250,24-Mar-25,19477.16
NIFTY SMALLCAP 250,25-Mar-25,19214.05
NIFTY SMALLCAP 250,26-Mar-25,18942.67
NIFTY SMALLCAP 250,27-Mar-25,19122
NIFTY SMALLCAP 250,28-Mar-25,19112.41
NIFTY SMALLCAP 250,01-Apr-25,19018.8
NIFTY SMALLCAP 250,02-Apr-25,19208.24
NIFTY SMALLCAP 250,03-Apr-25,19342.03
NIFTY SMALLCAP 250,04-Apr-25,18703.06
NIFTY SMALLCAP 250,07-Apr-25,17956.13
NIFTY SMALLCAP 250,08-Apr-25,18346.1
NIFTY SMALLCAP 250,09-Apr-25,18152.89
NIFTY SMALLCAP 250,11-Apr-25,18710.42
NIFTY SMALLCAP 250,15-Apr-25,19282.56
NIFTY SMALLCAP 250,16-Apr-25,19464.74
NIFTY SMALLCAP 250,17-Apr-25,19552.91
NIFTY SMALLCAP 250,21-Apr-25,19932.22
NIFTY SMALLCAP 250,22-Apr-25,20091.92
NIFTY SMALLCAP 250,23-Apr-25,20149.01
NIFTY SMALLCAP 250,24-Apr-25,20138.96
NIFTY SMALLCAP 250,25-Apr-25,19644.06
NIFTY SMALLCAP 250,28-Apr-25,19749.07
NIFTY SMALLCAP 250,29-Apr-25,19790.29
NIFTY SMALLCAP 250,30-Apr-25,19436.17
NIFTY SMALLCAP 250,02-May-25,19429.72
NIFTY SMALLCAP 250,05-May-25,19649.84
NIFTY SMALLCAP 250,06-May-25,19210.92
NIFTY SMALLCAP 250,07-May-25,19440.81
NIFTY SMALLCAP 250,08-May-25,19210.37
NIFTY SMALLCAP 250,09-May-25,19084.76
NIFTY SMALLCAP 250,12-May-25,19848.82
NIFTY SMALLCAP 250,13-May-25,20014.88
NIFTY SMALLCAP 250,14-May-25,20296.89
NIFTY SMALLCAP 250,15-May-25,20451.2
NIFTY SMALLCAP 250,16-May-25,20765.02
NIFTY SMALLCAP 250,19-May-25,20905.61
NIFTY SMALLCAP 250,20-May-25,20718.1
NIFTY SMALLCAP 250,21-May-25,20804.76
NIFTY SMALLCAP 250,22-May-25,20803.94
NIFTY SMALLCAP 250,23-May-25,20926.24
NIFTY SMALLCAP 250,26-May-25,21035.24
NIFTY SMALLCAP 250,27-May-25,21059.67
NIFTY SMALLCAP 250,28-May-25,21146.36
NIFTY SMALLCAP 250,29-May-25,21239
NIFTY SMALLCAP 250,30-May-25,21308.95
NIFTY SMALLCAP 250,02-Jun-25,21461.78
NIFTY SMALLCAP 250,03-Jun-25,21485.06
NIFTY SMALLCAP 250,04-Jun-25,21598.48
NIFTY SMALLCAP 250,05-Jun-25,21741.65
NIFTY SMALLCAP 250,06-Jun-25,21884.14
NIFTY SMALLCAP 250,09-Jun-25,22174.62
NIFTY SMALLCAP 250,10-Jun-25,22211.51
NIFTY SMALLCAP 250,11-Jun-25,22192.04
NIFTY SMALLCAP 250,12-Jun-25,21874.89
NIFTY SMALLCAP 250,13-Jun-25,21792.49
NIFTY SMALLCAP 250,16-Jun-25,21901.28
NIFTY SMALLCAP 250,17-Jun-25,21750.61
NIFTY SMALLCAP 250,18-Jun-25,21707.92
NIFTY SMALLCAP 250,19-Jun-25,21289.6
NIFTY SMALLCAP 250,20-Jun-25,21421.19
NIFTY SMALLCAP 250,23-Jun-25,21589.11
NIFTY SMALLCAP 250,24-Jun-25,21756.79
NIFTY SMALLCAP 250,25-Jun-25,22105.71
NIFTY SMALLCAP 250,26-Jun-25,22162.56
NIFTY SMALLCAP 250,27-Jun-25,22342.93
NIFTY SMALLCAP 250,30-Jun-25,22539.86
NIFTY SMALLCAP 250,01-Jul-25,22494.94
NIFTY SMALLCAP 250,02-Jul-25,22407.63
NIFTY SMALLCAP 250,03-Jul-25,22489.9
NIFTY SMALLCAP 250,04-Jul-25,22497.36
NIFTY SMALLCAP 250,07-Jul-25,22451.92
NIFTY SMALLCAP 250,08-Jul-25,22399.3
NIFTY SMALLCAP 250,09-Jul-25,22523.01
NIFTY SMALLCAP 250,10-Jul-25,22508.01
NIFTY SMALLCAP 250,11-Jul-25,22352.01
NIFTY SMALLCAP 250,14-Jul-25,22558.94
NIFTY SMALLCAP 250,15-Jul-25,22741.86
NIFTY SMALLCAP 250,16-Jul-25,22781.78
NIFTY SMALLCAP 250,17-Jul-25,22843.59
NIFTY SMALLCAP 250,18-Jul-25,22692.65
NIFTY SMALLCAP 250,21-Jul-25,22668.52
NIFTY SMALLCAP 250,22-Jul-25,22591.28
NIFTY SMALLCAP 250,23-Jul-25,22622.28
NIFTY SMALLCAP 250,24-Jul-25,22474.98
NIFTY SMALLCAP 250,25-Jul-25,22028.83
NIFTY SMALLCAP 250,28-Jul-25,21754.29
NIFTY SMALLCAP 250,29-Jul-25,21952.49
NIFTY SMALLCAP 250,30-Jul-25,21930.88
NIFTY SMALLCAP 250,31-Jul-25,21734.93
NIFTY SMALLCAP 250,01-Aug-25,21383.66
NIFTY SMALLCAP 250,04-Aug-25,21594.29
NIFTY SMALLCAP 250,05-Aug-25,21526.53
NIFTY SMALLCAP 250,06-Aug-25,21268.92
NIFTY SMALLCAP 250,07-Aug-25,21254.06
NIFTY SMALLCAP 250,08-Aug-25,20989.35
NIFTY SMALLCAP 250,11-Aug-25,21086.56
NIFTY SMALLCAP 250,12-Aug-25,21092.11
NIFTY SMALLCAP 250,13-Aug-25,21228.36
NIFTY SMALLCAP 250,14-Aug-25,21142.3
NIFTY SMALLCAP 250,18-Aug-25,21424.25
NIFTY SMALLCAP 250,19-Aug-25,21586.78
NIFTY SMALLCAP 250,20-Aug-25,21660.44
NIFTY SMALLCAP 250,21-Aug-25,21677.19
NIFTY SMALLCAP 250,22-Aug-25,21644.61
NIFTY SMALLCAP 250,25-Aug-25,21657.97
NIFTY SMALLCAP 250,26-Aug-25,21256.13
NIFTY SMALLCAP 250,28-Aug-25,21023.49
NIFTY SMALLCAP 250,29-Aug-25,20956.89
NIFTY SMALLCAP 250,01-Sep-25,21252.36
NIFTY SMALLCAP 250,02-Sep-25,21379.44
NIFTY SMALLCAP 250,03-Sep-25,21559.37
NIFTY SMALLCAP 250,04-Sep-25,21416.04
NIFTY SMALLCAP 250,05-Sep-25,21466.31
NIFTY SMALLCAP 250,08-Sep-25,21506.53
NIFTY SMALLCAP 250,09-Sep-25,21563.16
NIFTY SMALLCAP 250,10-Sep-25,21707.88
NIFTY SMALLCAP 250,11-Sep-25,21706.21
NIFTY SMALLCAP 250,12-Sep-25,21777.45
NIFTY SMALLCAP 250,15-Sep-25,21916.48
NIFTY SMALLCAP 250,16-Sep-25,22079.03
NIFTY SMALLCAP 250,17-Sep-25,22191.9
NIFTY SMALLCAP 250,18-Sep-25,22206.38
NIFTY SMALLCAP 250,19-Sep-25,22237.55
NIFTY SMALLCAP 250,22-Sep-25,22034.45
NIFTY SMALLCAP 250,23-Sep-25,21920.59
NIFTY SMALLCAP 250,24-Sep-25,21800.98
NIFTY SMALLCAP 250,25-Sep-25,21656.8
NIFTY SMALLCAP 250,26-Sep-25,21192.48
NIFTY SMALLCAP 250,29-Sep-25,21170.94
NIFTY SMALLCAP 250,30-Sep-25,21204.77
NIFTY SMALLCAP 250,01-Oct-25,21429.13
NIFTY SMALLCAP 250,03-Oct-25,21614.49
NIFTY SMALLCAP 250,06-Oct-25,21633.35
NIFTY SMALLCAP 250,07-Oct-25,21657.08
NIFTY SMALLCAP 250,08-Oct-25,21539.86
NIFTY SMALLCAP 250,09-Oct-25,21604.94
NIFTY SMALLCAP 250,10-Oct-25,21738.49
NIFTY SMALLCAP 250,13-Oct-25,21675.4
NIFTY SMALLCAP 250,14-Oct-25,21485.24
NIFTY SMALLCAP 250,15-Oct-25,21661.3
NIFTY SMALLCAP 250,16-Oct-25,21744.16
NIFTY SMALLCAP 250,17-Oct-25,21692.76
NIFTY SMALLCAP 250,20-Oct-25,21808.19
NIFTY SMALLCAP 250,21-Oct-25,21959.74
NIFTY SMALLCAP 250,23-Oct-25,21907.48
NIFTY SMALLCAP 250,24-Oct-25,21875.87
NIFTY SMALLCAP 250,27-Oct-25,22018.46
NIFTY SMALLCAP 250,28-Oct-25,22039.07
NIFTY SMALLCAP 250,29-Oct-25,22137.15
NIFTY SMALLCAP 250,30-Oct-25,22121.86
NIFTY SMALLCAP 250,31-Oct-25,21998.15
NIFTY SMALLCAP 250,03-Nov-25,22151.94
NIFTY SMALLCAP 250,04-Nov-25,22007.04
NIFTY SMALLCAP 250,06-Nov-25,21678.33
NIFTY SMALLCAP 250,07-Nov-25,21627.94
NIFTY SMALLCAP 250,10-Nov-25,21626.99
NIFTY SMALLCAP 250,11-Nov-25,21597.51
NIFTY SMALLCAP 250,12-Nov-25,21757.89
NIFTY SMALLCAP 250,13-Nov-25,21671.57
NIFTY SMALLCAP 250,14-Nov-25,21714.05
NIFTY SMALLCAP 250,17-Nov-25,21862.49
NIFTY SMALLCAP 250,18-Nov-25,21639.88
NIFTY SMALLCAP 250,19-Nov-25,21549.14
NIFTY SMALLCAP 250,20-Nov-25,21528.95
NIFTY SMALLCAP 250,21-Nov-25,21261.29
NIFTY SMALLCAP 250,24-Nov-25,21124.13
NIFTY SMALLCAP 250,25-Nov-25,21146.48
NIFTY SMALLCAP 250,26-Nov-25,21396.16
NIFTY SMALLCAP 250,27-Nov-25,21320.16
NIFTY SMALLCAP 250,28-Nov-25,21272.59
NIFTY SMALLCAP 250,01-Dec-25,21320.85
NIFTY SMALLCAP 250,02-Dec-25,21226.62
NIFTY SMALLCAP 250,03-Dec-25,21132.81
NIFTY SMALLCAP 250,04-Dec-25,21082.57
NIFTY SMALLCAP 250,05-Dec-25,20970.69
NIFTY SMALLCAP 250,08-Dec-25,20494.05
NIFTY SMALLCAP 250,09-Dec-25,20702.08
NIFTY SMALLCAP 250,10-Dec-25,20555.05
NIFTY SMALLCAP 250,11-Dec-25,20673.75
NIFTY SMALLCAP 250,12-Dec-25,20846.02
NIFTY SMALLCAP 250,15-Dec-25,20920.53
NIFTY SMALLCAP 250,16-Dec-25,20758.78
NIFTY SMALLCAP 250,17-Dec-25,20609.32
NIFTY SMALLCAP 250,18-Dec-25,20585.79
NIFTY SMALLCAP 250,19-Dec-25,20860.45
NIFTY SMALLCAP 250,22-Dec-25,21061.3
NIFTY SMALLCAP 250,23-Dec-25,21149.42
NIFTY SMALLCAP 250,24-Dec-25,21161.84
NIFTY SMALLCAP 250,26-Dec-25,21122.77
NIFTY SMALLCAP 250,29-Dec-25,21010.36
NIFTY SMALLCAP 250,30-Dec-25,20967.51
NIFTY SMALLCAP 250,31-Dec-25,21212.7
